resource_id,owner,env,tags_json
res-822fe7a8,Brian Torres,dev,"[{""app"": ""top"", ""team"": ""very""}, {""app"": ""before"", ""team"": ""sit""}, {""app"": ""loss"", ""team"": ""employee""}, {""app"": ""son"", ""team"": ""rather""}, {""app"": ""direction"", ""team"": ""inside""}, {""app"": ""radio"", ""team"": ""interesting""}, {""app"": ""issue"", ""team"": ""single""}, {""app"": ""through"", ""team"": ""level""}, {""app"": ""my"", ""team"": ""send""}, {""app"": ""trade"", ""team"": ""serious""}]"
res-c7547c7e,Patricia Anderson,test,"[{""app"": ""realize"", ""team"": ""center""}, {""app"": ""many"", ""team"": ""office""}, {""app"": ""leader"", ""team"": ""choice""}, {""app"": ""opportunity"", ""team"": ""outside""}, {""app"": ""poor"", ""team"": ""work""}, {""app"": ""long"", ""team"": ""sit""}, {""app"": ""else"", ""team"": ""girl""}, {""app"": ""brother"", ""team"": ""result""}, {""app"": ""whatever"", ""team"": ""arm""}, {""app"": ""your"", ""team"": ""wrong""}]"
res-993fe144,Grace Rivera,dev,"[{""app"": ""visit"", ""team"": ""especially""}, {""app"": ""serve"", ""team"": ""position""}, {""app"": ""mother"", ""team"": ""attorney""}, {""app"": ""result"", ""team"": ""executive""}, {""app"": ""each"", ""team"": ""hair""}, {""app"": ""model"", ""team"": ""social""}, {""app"": ""sister"", ""team"": ""sea""}, {""app"": ""building"", ""team"": ""fill""}, {""app"": ""benefit"", ""team"": ""single""}, {""app"": ""include"", ""team"": ""risk""}]"
res-5a44b5fa,Vanessa Taylor,test,"[{""app"": ""knowledge"", ""team"": ""travel""}, {""app"": ""close"", ""team"": ""floor""}, {""app"": ""ground"", ""team"": ""guess""}, {""app"": ""whether"", ""team"": ""age""}, {""app"": ""but"", ""team"": ""yard""}, {""app"": ""word"", ""team"": ""of""}, {""app"": ""open"", ""team"": ""former""}, {""app"": ""someone"", ""team"": ""itself""}, {""app"": ""finally"", ""team"": ""woman""}, {""app"": ""event"", ""team"": ""actually""}]"
res-e49fa8b5,Charles Summers,test,"[{""app"": ""someone"", ""team"": ""us""}, {""app"": ""democratic"", ""team"": ""argue""}, {""app"": ""blue"", ""team"": ""indicate""}, {""app"": ""really"", ""team"": ""include""}, {""app"": ""open"", ""team"": ""sell""}, {""app"": ""response"", ""team"": ""think""}, {""app"": ""social"", ""team"": ""happen""}, {""app"": ""instead"", ""team"": ""history""}, {""app"": ""tough"", ""team"": ""child""}, {""app"": ""realize"", ""team"": ""focus""}]"
res-5caaee88,Seth Yang,staging,"[{""app"": ""leave"", ""team"": ""exist""}, {""app"": ""prepare"", ""team"": ""policy""}, {""app"": ""usually"", ""team"": ""wind""}, {""app"": ""new"", ""team"": ""natural""}, {""app"": ""table"", ""team"": ""gas""}, {""app"": ""mouth"", ""team"": ""debate""}, {""app"": ""current"", ""team"": ""purpose""}, {""app"": ""model"", ""team"": ""raise""}, {""app"": ""hit"", ""team"": ""in""}, {""app"": ""opportunity"", ""team"": ""rest""}]"
res-0559466b,Michael Wilson,prod,"[{""app"": ""big"", ""team"": ""visit""}, {""app"": ""four"", ""team"": ""according""}, {""app"": ""card"", ""team"": ""structure""}, {""app"": ""attack"", ""team"": ""see""}, {""app"": ""college"", ""team"": ""down""}, {""app"": ""near"", ""team"": ""campaign""}, {""app"": ""college"", ""team"": ""worry""}, {""app"": ""small"", ""team"": ""soldier""}, {""app"": ""water"", ""team"": ""alone""}, {""app"": ""need"", ""team"": ""almost""}]"
res-f3e99a75,Katelyn Ferguson,dev,"[{""app"": ""he"", ""team"": ""those""}, {""app"": ""parent"", ""team"": ""world""}, {""app"": ""girl"", ""team"": ""head""}, {""app"": ""executive"", ""team"": ""she""}, {""app"": ""fear"", ""team"": ""her""}, {""app"": ""decide"", ""team"": ""test""}, {""app"": ""work"", ""team"": ""network""}, {""app"": ""exactly"", ""team"": ""this""}, {""app"": ""simply"", ""team"": ""market""}, {""app"": ""remember"", ""team"": ""church""}]"
res-0dc7af62,Andres Brooks,dev,"[{""app"": ""start"", ""team"": ""day""}, {""app"": ""personal"", ""team"": ""reality""}, {""app"": ""account"", ""team"": ""and""}, {""app"": ""Republican"", ""team"": ""someone""}, {""app"": ""provide"", ""team"": ""opportunity""}, {""app"": ""food"", ""team"": ""usually""}, {""app"": ""himself"", ""team"": ""green""}, {""app"": ""ahead"", ""team"": ""fill""}, {""app"": ""for"", ""team"": ""each""}, {""app"": ""leader"", ""team"": ""join""}]"
res-ec53e445,Colton Weber,test,"[{""app"": ""member"", ""team"": ""change""}, {""app"": ""involve"", ""team"": ""line""}, {""app"": ""young"", ""team"": ""try""}, {""app"": ""put"", ""team"": ""could""}, {""app"": ""thought"", ""team"": ""price""}, {""app"": ""local"", ""team"": ""sort""}, {""app"": ""you"", ""team"": ""money""}, {""app"": ""thousand"", ""team"": ""they""}, {""app"": ""send"", ""team"": ""no""}, {""app"": ""growth"", ""team"": ""whole""}]"
res-0d2b1850,Samantha Richmond,dev,"[{""app"": ""because"", ""team"": ""international""}, {""app"": ""society"", ""team"": ""live""}, {""app"": ""easy"", ""team"": ""leader""}, {""app"": ""response"", ""team"": ""yourself""}, {""app"": ""should"", ""team"": ""course""}, {""app"": ""late"", ""team"": ""start""}, {""app"": ""on"", ""team"": ""majority""}, {""app"": ""his"", ""team"": ""language""}, {""app"": ""trip"", ""team"": ""population""}, {""app"": ""defense"", ""team"": ""plant""}]"
res-76d1911e,Jonathan Castro,dev,"[{""app"": ""wonder"", ""team"": ""thank""}, {""app"": ""weight"", ""team"": ""life""}, {""app"": ""parent"", ""team"": ""would""}, {""app"": ""social"", ""team"": ""truth""}, {""app"": ""stand"", ""team"": ""old""}, {""app"": ""country"", ""team"": ""Mrs""}, {""app"": ""explain"", ""team"": ""star""}, {""app"": ""society"", ""team"": ""for""}, {""app"": ""executive"", ""team"": ""street""}, {""app"": ""born"", ""team"": ""off""}]"
res-957000cc,Brenda Dunn,test,"[{""app"": ""idea"", ""team"": ""despite""}, {""app"": ""skin"", ""team"": ""practice""}, {""app"": ""speech"", ""team"": ""control""}, {""app"": ""care"", ""team"": ""spend""}, {""app"": ""sea"", ""team"": ""believe""}, {""app"": ""heart"", ""team"": ""share""}, {""app"": ""fear"", ""team"": ""effort""}, {""app"": ""create"", ""team"": ""city""}, {""app"": ""do"", ""team"": ""major""}, {""app"": ""sure"", ""team"": ""us""}]"
res-6acc0640,Kimberly Gregory,test,"[{""app"": ""loss"", ""team"": ""hit""}, {""app"": ""federal"", ""team"": ""occur""}, {""app"": ""set"", ""team"": ""under""}, {""app"": ""debate"", ""team"": ""per""}, {""app"": ""fact"", ""team"": ""describe""}, {""app"": ""film"", ""team"": ""receive""}, {""app"": ""tax"", ""team"": ""important""}, {""app"": ""condition"", ""team"": ""or""}, {""app"": ""director"", ""team"": ""behind""}, {""app"": ""much"", ""team"": ""pay""}]"
res-9ec238d8,Katherine Jones,staging,"[{""app"": ""yes"", ""team"": ""guy""}, {""app"": ""professor"", ""team"": ""coach""}, {""app"": ""simply"", ""team"": ""still""}, {""app"": ""left"", ""team"": ""family""}, {""app"": ""remain"", ""team"": ""success""}, {""app"": ""general"", ""team"": ""seek""}, {""app"": ""decision"", ""team"": ""knowledge""}, {""app"": ""know"", ""team"": ""it""}, {""app"": ""factor"", ""team"": ""country""}, {""app"": ""economy"", ""team"": ""plan""}]"
res-55c10153,Thomas Rios,test,"[{""app"": ""save"", ""team"": ""detail""}, {""app"": ""friend"", ""team"": ""character""}, {""app"": ""rich"", ""team"": ""painting""}, {""app"": ""federal"", ""team"": ""really""}, {""app"": ""ask"", ""team"": ""because""}, {""app"": ""what"", ""team"": ""onto""}, {""app"": ""lot"", ""team"": ""mention""}, {""app"": ""room"", ""team"": ""word""}, {""app"": ""amount"", ""team"": ""spring""}, {""app"": ""outside"", ""team"": ""at""}]"
res-c487673f,Mr. Andre Le,test,"[{""app"": ""far"", ""team"": ""thousand""}, {""app"": ""detail"", ""team"": ""possible""}, {""app"": ""exactly"", ""team"": ""two""}, {""app"": ""suffer"", ""team"": ""thank""}, {""app"": ""person"", ""team"": ""product""}, {""app"": ""positive"", ""team"": ""benefit""}, {""app"": ""case"", ""team"": ""benefit""}, {""app"": ""society"", ""team"": ""draw""}, {""app"": ""main"", ""team"": ""professional""}, {""app"": ""box"", ""team"": ""south""}]"
res-ff6d266a,Jason Fox Jr.,test,"[{""app"": ""part"", ""team"": ""box""}, {""app"": ""teacher"", ""team"": ""purpose""}, {""app"": ""process"", ""team"": ""compare""}, {""app"": ""experience"", ""team"": ""pattern""}, {""app"": ""ten"", ""team"": ""stock""}, {""app"": ""some"", ""team"": ""issue""}, {""app"": ""economy"", ""team"": ""glass""}, {""app"": ""not"", ""team"": ""rule""}, {""app"": ""probably"", ""team"": ""white""}, {""app"": ""do"", ""team"": ""light""}]"
res-c0800be2,Taylor Johnson,dev,"[{""app"": ""method"", ""team"": ""enjoy""}, {""app"": ""heavy"", ""team"": ""operation""}, {""app"": ""listen"", ""team"": ""source""}, {""app"": ""hand"", ""team"": ""bag""}, {""app"": ""thus"", ""team"": ""pay""}, {""app"": ""sound"", ""team"": ""open""}, {""app"": ""pressure"", ""team"": ""continue""}, {""app"": ""watch"", ""team"": ""risk""}, {""app"": ""business"", ""team"": ""edge""}, {""app"": ""cause"", ""team"": ""now""}]"
res-6a62b08a,Jerome Espinoza,prod,"[{""app"": ""sell"", ""team"": ""across""}, {""app"": ""great"", ""team"": ""interest""}, {""app"": ""country"", ""team"": ""machine""}, {""app"": ""material"", ""team"": ""bar""}, {""app"": ""program"", ""team"": ""dream""}, {""app"": ""nature"", ""team"": ""image""}, {""app"": ""law"", ""team"": ""can""}, {""app"": ""course"", ""team"": ""although""}, {""app"": ""leg"", ""team"": ""act""}, {""app"": ""worker"", ""team"": ""reality""}]"
res-cd1f0d92,Roberto Benson,prod,"[{""app"": ""mission"", ""team"": ""organization""}, {""app"": ""expect"", ""team"": ""we""}, {""app"": ""beat"", ""team"": ""family""}, {""app"": ""respond"", ""team"": ""raise""}, {""app"": ""similar"", ""team"": ""rather""}, {""app"": ""almost"", ""team"": ""huge""}, {""app"": ""side"", ""team"": ""stage""}, {""app"": ""black"", ""team"": ""put""}, {""app"": ""throughout"", ""team"": ""system""}, {""app"": ""discover"", ""team"": ""every""}]"
res-244fe9c0,Connor Simpson,staging,"[{""app"": ""reach"", ""team"": ""behind""}, {""app"": ""continue"", ""team"": ""alone""}, {""app"": ""against"", ""team"": ""possible""}, {""app"": ""owner"", ""team"": ""reflect""}, {""app"": ""glass"", ""team"": ""environment""}, {""app"": ""task"", ""team"": ""economy""}, {""app"": ""job"", ""team"": ""group""}, {""app"": ""network"", ""team"": ""main""}, {""app"": ""after"", ""team"": ""economy""}, {""app"": ""resource"", ""team"": ""firm""}]"
res-a6eb1ed6,Benjamin Quinn,dev,"[{""app"": ""treatment"", ""team"": ""step""}, {""app"": ""sure"", ""team"": ""that""}, {""app"": ""or"", ""team"": ""often""}, {""app"": ""phone"", ""team"": ""range""}, {""app"": ""fish"", ""team"": ""against""}, {""app"": ""bed"", ""team"": ""treatment""}, {""app"": ""bar"", ""team"": ""less""}, {""app"": ""a"", ""team"": ""make""}, {""app"": ""analysis"", ""team"": ""me""}, {""app"": ""him"", ""team"": ""trial""}]"
res-2a881c37,Kathleen Cobb,staging,"[{""app"": ""can"", ""team"": ""point""}, {""app"": ""by"", ""team"": ""theory""}, {""app"": ""official"", ""team"": ""try""}, {""app"": ""animal"", ""team"": ""of""}, {""app"": ""size"", ""team"": ""throughout""}, {""app"": ""student"", ""team"": ""Mrs""}, {""app"": ""amount"", ""team"": ""help""}, {""app"": ""bag"", ""team"": ""issue""}, {""app"": ""even"", ""team"": ""southern""}, {""app"": ""white"", ""team"": ""assume""}]"
res-bb91c372,James Mitchell,staging,"[{""app"": ""inside"", ""team"": ""goal""}, {""app"": ""new"", ""team"": ""part""}, {""app"": ""discussion"", ""team"": ""customer""}, {""app"": ""house"", ""team"": ""plan""}, {""app"": ""place"", ""team"": ""be""}, {""app"": ""else"", ""team"": ""ten""}, {""app"": ""environmental"", ""team"": ""first""}, {""app"": ""source"", ""team"": ""general""}, {""app"": ""attorney"", ""team"": ""movie""}, {""app"": ""body"", ""team"": ""everyone""}]"
res-a50b8764,James Hoffman,staging,"[{""app"": ""organization"", ""team"": ""Congress""}, {""app"": ""same"", ""team"": ""once""}, {""app"": ""thing"", ""team"": ""usually""}, {""app"": ""house"", ""team"": ""reach""}, {""app"": ""meeting"", ""team"": ""enter""}, {""app"": ""begin"", ""team"": ""technology""}, {""app"": ""back"", ""team"": ""ball""}, {""app"": ""affect"", ""team"": ""soon""}, {""app"": ""risk"", ""team"": ""factor""}, {""app"": ""build"", ""team"": ""physical""}]"
res-494329d7,William Turner,staging,"[{""app"": ""beautiful"", ""team"": ""after""}, {""app"": ""seven"", ""team"": ""everything""}, {""app"": ""show"", ""team"": ""movie""}, {""app"": ""class"", ""team"": ""economic""}, {""app"": ""after"", ""team"": ""growth""}, {""app"": ""mind"", ""team"": ""authority""}, {""app"": ""term"", ""team"": ""little""}, {""app"": ""writer"", ""team"": ""activity""}, {""app"": ""very"", ""team"": ""me""}, {""app"": ""you"", ""team"": ""recognize""}]"
res-88b93c8a,Jennifer Garcia,dev,"[{""app"": ""show"", ""team"": ""message""}, {""app"": ""population"", ""team"": ""particular""}, {""app"": ""cause"", ""team"": ""share""}, {""app"": ""no"", ""team"": ""material""}, {""app"": ""water"", ""team"": ""then""}, {""app"": ""report"", ""team"": ""either""}, {""app"": ""improve"", ""team"": ""rich""}, {""app"": ""loss"", ""team"": ""read""}, {""app"": ""store"", ""team"": ""western""}, {""app"": ""beat"", ""team"": ""speech""}]"
res-4f88440d,Cody Phillips,test,"[{""app"": ""society"", ""team"": ""majority""}, {""app"": ""because"", ""team"": ""rather""}, {""app"": ""under"", ""team"": ""four""}, {""app"": ""establish"", ""team"": ""kind""}, {""app"": ""risk"", ""team"": ""former""}, {""app"": ""less"", ""team"": ""establish""}, {""app"": ""provide"", ""team"": ""find""}, {""app"": ""detail"", ""team"": ""physical""}, {""app"": ""size"", ""team"": ""process""}, {""app"": ""risk"", ""team"": ""social""}]"
res-1b68d2c2,Victoria Strickland,staging,"[{""app"": ""walk"", ""team"": ""simply""}, {""app"": ""follow"", ""team"": ""four""}, {""app"": ""like"", ""team"": ""mother""}, {""app"": ""chance"", ""team"": ""address""}, {""app"": ""economic"", ""team"": ""model""}, {""app"": ""either"", ""team"": ""bad""}, {""app"": ""gun"", ""team"": ""guy""}, {""app"": ""use"", ""team"": ""per""}, {""app"": ""sometimes"", ""team"": ""kid""}, {""app"": ""former"", ""team"": ""foot""}]"
res-6af4edfb,Jessica Lozano,dev,"[{""app"": ""fire"", ""team"": ""job""}, {""app"": ""ok"", ""team"": ""last""}, {""app"": ""party"", ""team"": ""woman""}, {""app"": ""where"", ""team"": ""pull""}, {""app"": ""side"", ""team"": ""matter""}, {""app"": ""hand"", ""team"": ""better""}, {""app"": ""smile"", ""team"": ""sell""}, {""app"": ""dark"", ""team"": ""story""}, {""app"": ""deep"", ""team"": ""drop""}, {""app"": ""involve"", ""team"": ""avoid""}]"
res-027aafe8,Dr. Andrew Lewis,dev,"[{""app"": ""meeting"", ""team"": ""side""}, {""app"": ""kind"", ""team"": ""resource""}, {""app"": ""realize"", ""team"": ""him""}, {""app"": ""month"", ""team"": ""manage""}, {""app"": ""plan"", ""team"": ""nation""}, {""app"": ""side"", ""team"": ""realize""}, {""app"": ""many"", ""team"": ""thousand""}, {""app"": ""now"", ""team"": ""black""}, {""app"": ""short"", ""team"": ""two""}, {""app"": ""final"", ""team"": ""agent""}]"
res-3153d735,Blake Arnold,prod,"[{""app"": ""collection"", ""team"": ""college""}, {""app"": ""consider"", ""team"": ""ready""}, {""app"": ""sport"", ""team"": ""billion""}, {""app"": ""lose"", ""team"": ""without""}, {""app"": ""whole"", ""team"": ""education""}, {""app"": ""seem"", ""team"": ""institution""}, {""app"": ""current"", ""team"": ""official""}, {""app"": ""drug"", ""team"": ""any""}, {""app"": ""people"", ""team"": ""father""}, {""app"": ""country"", ""team"": ""amount""}]"
res-ae930cae,Mark Long,test,"[{""app"": ""form"", ""team"": ""sit""}, {""app"": ""movement"", ""team"": ""past""}, {""app"": ""number"", ""team"": ""feel""}, {""app"": ""deal"", ""team"": ""response""}, {""app"": ""data"", ""team"": ""sign""}, {""app"": ""follow"", ""team"": ""anyone""}, {""app"": ""computer"", ""team"": ""option""}, {""app"": ""yard"", ""team"": ""administration""}, {""app"": ""strategy"", ""team"": ""somebody""}, {""app"": ""someone"", ""team"": ""yard""}]"
res-5fdacc92,Daniel Oliver,dev,"[{""app"": ""prevent"", ""team"": ""color""}, {""app"": ""positive"", ""team"": ""answer""}, {""app"": ""event"", ""team"": ""who""}, {""app"": ""just"", ""team"": ""course""}, {""app"": ""fine"", ""team"": ""series""}, {""app"": ""security"", ""team"": ""arm""}, {""app"": ""bad"", ""team"": ""success""}, {""app"": ""spend"", ""team"": ""PM""}, {""app"": ""else"", ""team"": ""others""}, {""app"": ""energy"", ""team"": ""anything""}]"
res-500663ee,Kim Wilson,test,"[{""app"": ""plan"", ""team"": ""thousand""}, {""app"": ""nature"", ""team"": ""that""}, {""app"": ""book"", ""team"": ""key""}, {""app"": ""seven"", ""team"": ""wear""}, {""app"": ""break"", ""team"": ""responsibility""}, {""app"": ""common"", ""team"": ""red""}, {""app"": ""appear"", ""team"": ""trip""}, {""app"": ""along"", ""team"": ""light""}, {""app"": ""past"", ""team"": ""both""}, {""app"": ""instead"", ""team"": ""least""}]"
res-78e972be,Lisa Matthews,prod,"[{""app"": ""put"", ""team"": ""seven""}, {""app"": ""enough"", ""team"": ""ground""}, {""app"": ""happy"", ""team"": ""of""}, {""app"": ""want"", ""team"": ""sound""}, {""app"": ""strong"", ""team"": ""four""}, {""app"": ""cup"", ""team"": ""upon""}, {""app"": ""ball"", ""team"": ""really""}, {""app"": ""scene"", ""team"": ""dinner""}, {""app"": ""rest"", ""team"": ""board""}, {""app"": ""offer"", ""team"": ""hit""}]"
res-f7ad5a60,Christopher Bean,dev,"[{""app"": ""inside"", ""team"": ""much""}, {""app"": ""still"", ""team"": ""right""}, {""app"": ""particularly"", ""team"": ""candidate""}, {""app"": ""put"", ""team"": ""finish""}, {""app"": ""evidence"", ""team"": ""create""}, {""app"": ""wind"", ""team"": ""he""}, {""app"": ""get"", ""team"": ""subject""}, {""app"": ""federal"", ""team"": ""show""}, {""app"": ""among"", ""team"": ""end""}, {""app"": ""enough"", ""team"": ""your""}]"
res-a1546628,Kenneth Bartlett,dev,"[{""app"": ""win"", ""team"": ""those""}, {""app"": ""mind"", ""team"": ""weight""}, {""app"": ""add"", ""team"": ""may""}, {""app"": ""push"", ""team"": ""trouble""}, {""app"": ""walk"", ""team"": ""could""}, {""app"": ""far"", ""team"": ""my""}, {""app"": ""despite"", ""team"": ""shoulder""}, {""app"": ""again"", ""team"": ""family""}, {""app"": ""interview"", ""team"": ""family""}, {""app"": ""me"", ""team"": ""respond""}]"
res-efa93a1b,Kathleen Sanchez,test,"[{""app"": ""public"", ""team"": ""possible""}, {""app"": ""middle"", ""team"": ""later""}, {""app"": ""kid"", ""team"": ""face""}, {""app"": ""toward"", ""team"": ""compare""}, {""app"": ""plan"", ""team"": ""teach""}, {""app"": ""space"", ""team"": ""year""}, {""app"": ""consider"", ""team"": ""fly""}, {""app"": ""six"", ""team"": ""structure""}, {""app"": ""career"", ""team"": ""look""}, {""app"": ""image"", ""team"": ""laugh""}]"
res-e607f967,Howard Baker,dev,"[{""app"": ""dinner"", ""team"": ""arrive""}, {""app"": ""and"", ""team"": ""administration""}, {""app"": ""service"", ""team"": ""southern""}, {""app"": ""art"", ""team"": ""road""}, {""app"": ""to"", ""team"": ""social""}, {""app"": ""draw"", ""team"": ""south""}, {""app"": ""whole"", ""team"": ""church""}, {""app"": ""goal"", ""team"": ""we""}, {""app"": ""happy"", ""team"": ""design""}, {""app"": ""visit"", ""team"": ""who""}]"
res-92d0dfa3,Hannah Hartman,test,"[{""app"": ""some"", ""team"": ""sing""}, {""app"": ""former"", ""team"": ""two""}, {""app"": ""later"", ""team"": ""social""}, {""app"": ""might"", ""team"": ""accept""}, {""app"": ""exactly"", ""team"": ""herself""}, {""app"": ""magazine"", ""team"": ""next""}, {""app"": ""hundred"", ""team"": ""provide""}, {""app"": ""history"", ""team"": ""always""}, {""app"": ""drop"", ""team"": ""near""}, {""app"": ""could"", ""team"": ""drop""}]"
res-88e52065,Heather Lopez,prod,"[{""app"": ""hair"", ""team"": ""professional""}, {""app"": ""enough"", ""team"": ""fight""}, {""app"": ""pick"", ""team"": ""year""}, {""app"": ""hold"", ""team"": ""media""}, {""app"": ""vote"", ""team"": ""truth""}, {""app"": ""once"", ""team"": ""exist""}, {""app"": ""well"", ""team"": ""color""}, {""app"": ""probably"", ""team"": ""attorney""}, {""app"": ""own"", ""team"": ""might""}, {""app"": ""program"", ""team"": ""vote""}]"
res-6a502004,Maria Johnson,test,"[{""app"": ""decision"", ""team"": ""fall""}, {""app"": ""space"", ""team"": ""herself""}, {""app"": ""who"", ""team"": ""ready""}, {""app"": ""ahead"", ""team"": ""ten""}, {""app"": ""authority"", ""team"": ""figure""}, {""app"": ""many"", ""team"": ""rest""}, {""app"": ""PM"", ""team"": ""by""}, {""app"": ""sea"", ""team"": ""blood""}, {""app"": ""rise"", ""team"": ""simply""}, {""app"": ""blue"", ""team"": ""natural""}]"
res-d3af815b,Joshua Lindsey,dev,"[{""app"": ""build"", ""team"": ""certain""}, {""app"": ""laugh"", ""team"": ""carry""}, {""app"": ""begin"", ""team"": ""democratic""}, {""app"": ""official"", ""team"": ""seek""}, {""app"": ""must"", ""team"": ""quickly""}, {""app"": ""wall"", ""team"": ""player""}, {""app"": ""candidate"", ""team"": ""new""}, {""app"": ""per"", ""team"": ""chair""}, {""app"": ""attack"", ""team"": ""because""}, {""app"": ""early"", ""team"": ""dream""}]"
res-51242090,Danielle Stone,prod,"[{""app"": ""record"", ""team"": ""enter""}, {""app"": ""fact"", ""team"": ""while""}, {""app"": ""yourself"", ""team"": ""news""}, {""app"": ""room"", ""team"": ""happy""}, {""app"": ""nearly"", ""team"": ""board""}, {""app"": ""seat"", ""team"": ""property""}, {""app"": ""drive"", ""team"": ""hit""}, {""app"": ""I"", ""team"": ""night""}, {""app"": ""community"", ""team"": ""class""}, {""app"": ""can"", ""team"": ""bad""}]"
res-f8db96a7,Scott Castillo,dev,"[{""app"": ""leader"", ""team"": ""man""}, {""app"": ""produce"", ""team"": ""reflect""}, {""app"": ""religious"", ""team"": ""argue""}, {""app"": ""learn"", ""team"": ""note""}, {""app"": ""performance"", ""team"": ""only""}, {""app"": ""prepare"", ""team"": ""you""}, {""app"": ""either"", ""team"": ""lay""}, {""app"": ""audience"", ""team"": ""matter""}, {""app"": ""step"", ""team"": ""long""}, {""app"": ""yard"", ""team"": ""up""}]"
res-8ad64901,Tiffany Carson,staging,"[{""app"": ""edge"", ""team"": ""nor""}, {""app"": ""order"", ""team"": ""line""}, {""app"": ""federal"", ""team"": ""tax""}, {""app"": ""above"", ""team"": ""Mrs""}, {""app"": ""describe"", ""team"": ""reality""}, {""app"": ""space"", ""team"": ""arm""}, {""app"": ""dark"", ""team"": ""all""}, {""app"": ""family"", ""team"": ""bed""}, {""app"": ""collection"", ""team"": ""black""}, {""app"": ""design"", ""team"": ""perhaps""}]"
res-0eea524d,Stephanie Chavez,test,"[{""app"": ""ok"", ""team"": ""improve""}, {""app"": ""term"", ""team"": ""tend""}, {""app"": ""indicate"", ""team"": ""several""}, {""app"": ""operation"", ""team"": ""chair""}, {""app"": ""middle"", ""team"": ""something""}, {""app"": ""affect"", ""team"": ""our""}, {""app"": ""try"", ""team"": ""western""}, {""app"": ""product"", ""team"": ""thousand""}, {""app"": ""house"", ""team"": ""gas""}, {""app"": ""lose"", ""team"": ""model""}]"
res-036e9777,Taylor Kim,prod,"[{""app"": ""crime"", ""team"": ""father""}, {""app"": ""yourself"", ""team"": ""particularly""}, {""app"": ""medical"", ""team"": ""likely""}, {""app"": ""raise"", ""team"": ""allow""}, {""app"": ""hot"", ""team"": ""grow""}, {""app"": ""get"", ""team"": ""though""}, {""app"": ""movie"", ""team"": ""management""}, {""app"": ""work"", ""team"": ""court""}, {""app"": ""expert"", ""team"": ""car""}, {""app"": ""figure"", ""team"": ""education""}]"
res-1ad7d1cb,Brian Smith,staging,"[{""app"": ""call"", ""team"": ""place""}, {""app"": ""season"", ""team"": ""free""}, {""app"": ""entire"", ""team"": ""kitchen""}, {""app"": ""behind"", ""team"": ""over""}, {""app"": ""draw"", ""team"": ""determine""}, {""app"": ""hand"", ""team"": ""other""}, {""app"": ""doctor"", ""team"": ""despite""}, {""app"": ""agent"", ""team"": ""factor""}, {""app"": ""board"", ""team"": ""point""}, {""app"": ""everybody"", ""team"": ""throughout""}]"
res-eec85eb5,Rhonda Hart,staging,"[{""app"": ""parent"", ""team"": ""case""}, {""app"": ""medical"", ""team"": ""economic""}, {""app"": ""past"", ""team"": ""mind""}, {""app"": ""camera"", ""team"": ""staff""}, {""app"": ""network"", ""team"": ""its""}, {""app"": ""might"", ""team"": ""measure""}, {""app"": ""improve"", ""team"": ""friend""}, {""app"": ""including"", ""team"": ""region""}, {""app"": ""word"", ""team"": ""hair""}, {""app"": ""hope"", ""team"": ""school""}]"
res-2d0a3dd9,Andrea Brown,test,"[{""app"": ""pay"", ""team"": ""final""}, {""app"": ""bag"", ""team"": ""dinner""}, {""app"": ""customer"", ""team"": ""kitchen""}, {""app"": ""side"", ""team"": ""nation""}, {""app"": ""top"", ""team"": ""law""}, {""app"": ""every"", ""team"": ""need""}, {""app"": ""color"", ""team"": ""practice""}, {""app"": ""simple"", ""team"": ""sometimes""}, {""app"": ""indeed"", ""team"": ""entire""}, {""app"": ""respond"", ""team"": ""serious""}]"
res-dddd629e,Jessica Perez,staging,"[{""app"": ""most"", ""team"": ""fish""}, {""app"": ""strong"", ""team"": ""look""}, {""app"": ""child"", ""team"": ""whatever""}, {""app"": ""late"", ""team"": ""same""}, {""app"": ""compare"", ""team"": ""difficult""}, {""app"": ""mission"", ""team"": ""peace""}, {""app"": ""leave"", ""team"": ""art""}, {""app"": ""late"", ""team"": ""simple""}, {""app"": ""happy"", ""team"": ""professional""}, {""app"": ""support"", ""team"": ""successful""}]"
res-100225c0,Joseph Schmitt,prod,"[{""app"": ""new"", ""team"": ""lot""}, {""app"": ""range"", ""team"": ""yes""}, {""app"": ""design"", ""team"": ""improve""}, {""app"": ""cause"", ""team"": ""develop""}, {""app"": ""benefit"", ""team"": ""such""}, {""app"": ""knowledge"", ""team"": ""financial""}, {""app"": ""pretty"", ""team"": ""check""}, {""app"": ""Democrat"", ""team"": ""money""}, {""app"": ""save"", ""team"": ""notice""}, {""app"": ""police"", ""team"": ""debate""}]"
res-94dc3c90,Linda Barber,dev,"[{""app"": ""near"", ""team"": ""case""}, {""app"": ""success"", ""team"": ""base""}, {""app"": ""among"", ""team"": ""live""}, {""app"": ""no"", ""team"": ""difficult""}, {""app"": ""individual"", ""team"": ""information""}, {""app"": ""account"", ""team"": ""wait""}, {""app"": ""east"", ""team"": ""treatment""}, {""app"": ""onto"", ""team"": ""fact""}, {""app"": ""believe"", ""team"": ""radio""}, {""app"": ""wide"", ""team"": ""stuff""}]"
res-f4fd5de6,Sharon Hudson,prod,"[{""app"": ""together"", ""team"": ""bar""}, {""app"": ""man"", ""team"": ""husband""}, {""app"": ""program"", ""team"": ""kid""}, {""app"": ""card"", ""team"": ""whatever""}, {""app"": ""spring"", ""team"": ""air""}, {""app"": ""south"", ""team"": ""focus""}, {""app"": ""throughout"", ""team"": ""book""}, {""app"": ""share"", ""team"": ""suggest""}, {""app"": ""property"", ""team"": ""those""}, {""app"": ""success"", ""team"": ""Mrs""}]"
res-cff4e9a2,Kylie Welch,dev,"[{""app"": ""improve"", ""team"": ""office""}, {""app"": ""who"", ""team"": ""power""}, {""app"": ""item"", ""team"": ""issue""}, {""app"": ""stay"", ""team"": ""discover""}, {""app"": ""ok"", ""team"": ""phone""}, {""app"": ""class"", ""team"": ""pressure""}, {""app"": ""range"", ""team"": ""or""}, {""app"": ""add"", ""team"": ""certainly""}, {""app"": ""which"", ""team"": ""chance""}, {""app"": ""may"", ""team"": ""few""}]"
res-9d2ea79c,James Moore,dev,"[{""app"": ""fall"", ""team"": ""yet""}, {""app"": ""local"", ""team"": ""stay""}, {""app"": ""person"", ""team"": ""road""}, {""app"": ""along"", ""team"": ""social""}, {""app"": ""voice"", ""team"": ""care""}, {""app"": ""audience"", ""team"": ""throw""}, {""app"": ""recognize"", ""team"": ""candidate""}, {""app"": ""oil"", ""team"": ""trip""}, {""app"": ""myself"", ""team"": ""realize""}, {""app"": ""many"", ""team"": ""campaign""}]"
res-a8ffac86,David Pollard II,staging,"[{""app"": ""well"", ""team"": ""here""}, {""app"": ""five"", ""team"": ""real""}, {""app"": ""service"", ""team"": ""specific""}, {""app"": ""every"", ""team"": ""personal""}, {""app"": ""student"", ""team"": ""as""}, {""app"": ""might"", ""team"": ""build""}, {""app"": ""cultural"", ""team"": ""deal""}, {""app"": ""make"", ""team"": ""state""}, {""app"": ""range"", ""team"": ""someone""}, {""app"": ""those"", ""team"": ""you""}]"
res-d01d8e21,Corey Gomez,dev,"[{""app"": ""small"", ""team"": ""sound""}, {""app"": ""why"", ""team"": ""sometimes""}, {""app"": ""exist"", ""team"": ""someone""}, {""app"": ""describe"", ""team"": ""threat""}, {""app"": ""decade"", ""team"": ""car""}, {""app"": ""get"", ""team"": ""with""}, {""app"": ""member"", ""team"": ""meet""}, {""app"": ""charge"", ""team"": ""interview""}, {""app"": ""yeah"", ""team"": ""professional""}, {""app"": ""lot"", ""team"": ""only""}]"
res-22d589b5,Kimberly Turner,test,"[{""app"": ""city"", ""team"": ""teacher""}, {""app"": ""move"", ""team"": ""control""}, {""app"": ""option"", ""team"": ""second""}, {""app"": ""increase"", ""team"": ""mouth""}, {""app"": ""policy"", ""team"": ""husband""}, {""app"": ""teacher"", ""team"": ""imagine""}, {""app"": ""sell"", ""team"": ""agent""}, {""app"": ""follow"", ""team"": ""present""}, {""app"": ""realize"", ""team"": ""guy""}, {""app"": ""she"", ""team"": ""item""}]"
res-d5472bfc,Ana Reed,dev,"[{""app"": ""term"", ""team"": ""writer""}, {""app"": ""time"", ""team"": ""feel""}, {""app"": ""child"", ""team"": ""street""}, {""app"": ""by"", ""team"": ""spring""}, {""app"": ""country"", ""team"": ""learn""}, {""app"": ""beautiful"", ""team"": ""might""}, {""app"": ""hope"", ""team"": ""quality""}, {""app"": ""prove"", ""team"": ""against""}, {""app"": ""prepare"", ""team"": ""inside""}, {""app"": ""speech"", ""team"": ""past""}]"
res-a6ed056b,Tonya Wells,prod,"[{""app"": ""enough"", ""team"": ""day""}, {""app"": ""nor"", ""team"": ""some""}, {""app"": ""focus"", ""team"": ""nation""}, {""app"": ""the"", ""team"": ""might""}, {""app"": ""ahead"", ""team"": ""much""}, {""app"": ""old"", ""team"": ""fill""}, {""app"": ""produce"", ""team"": ""mother""}, {""app"": ""quickly"", ""team"": ""wait""}, {""app"": ""hope"", ""team"": ""really""}, {""app"": ""same"", ""team"": ""alone""}]"
res-d36a0426,Jesse Bruce,test,"[{""app"": ""spring"", ""team"": ""meet""}, {""app"": ""it"", ""team"": ""marriage""}, {""app"": ""until"", ""team"": ""might""}, {""app"": ""actually"", ""team"": ""tend""}, {""app"": ""off"", ""team"": ""where""}, {""app"": ""year"", ""team"": ""theory""}, {""app"": ""full"", ""team"": ""yard""}, {""app"": ""present"", ""team"": ""raise""}, {""app"": ""news"", ""team"": ""Mr""}, {""app"": ""along"", ""team"": ""after""}]"
res-c8b20796,Aaron Franco,prod,"[{""app"": ""my"", ""team"": ""light""}, {""app"": ""change"", ""team"": ""life""}, {""app"": ""phone"", ""team"": ""person""}, {""app"": ""plant"", ""team"": ""mind""}, {""app"": ""increase"", ""team"": ""not""}, {""app"": ""cover"", ""team"": ""near""}, {""app"": ""audience"", ""team"": ""religious""}, {""app"": ""law"", ""team"": ""rich""}, {""app"": ""test"", ""team"": ""administration""}, {""app"": ""thank"", ""team"": ""rock""}]"
res-525e1b0b,Melissa Rodriguez,dev,"[{""app"": ""join"", ""team"": ""ask""}, {""app"": ""his"", ""team"": ""college""}, {""app"": ""walk"", ""team"": ""approach""}, {""app"": ""ever"", ""team"": ""investment""}, {""app"": ""nature"", ""team"": ""continue""}, {""app"": ""behind"", ""team"": ""factor""}, {""app"": ""positive"", ""team"": ""drive""}, {""app"": ""off"", ""team"": ""present""}, {""app"": ""finally"", ""team"": ""eat""}, {""app"": ""building"", ""team"": ""foot""}]"
res-97b22b0e,Jaime Beltran,staging,"[{""app"": ""go"", ""team"": ""check""}, {""app"": ""without"", ""team"": ""station""}, {""app"": ""magazine"", ""team"": ""energy""}, {""app"": ""impact"", ""team"": ""camera""}, {""app"": ""by"", ""team"": ""free""}, {""app"": ""decade"", ""team"": ""create""}, {""app"": ""most"", ""team"": ""seek""}, {""app"": ""remain"", ""team"": ""feeling""}, {""app"": ""establish"", ""team"": ""meeting""}, {""app"": ""community"", ""team"": ""throughout""}]"
res-6d86468c,Dr. Daniel Mccoy MD,prod,"[{""app"": ""including"", ""team"": ""account""}, {""app"": ""create"", ""team"": ""different""}, {""app"": ""interest"", ""team"": ""activity""}, {""app"": ""media"", ""team"": ""coach""}, {""app"": ""office"", ""team"": ""big""}, {""app"": ""front"", ""team"": ""me""}, {""app"": ""traditional"", ""team"": ""measure""}, {""app"": ""explain"", ""team"": ""or""}, {""app"": ""laugh"", ""team"": ""voice""}, {""app"": ""today"", ""team"": ""two""}]"
res-d9f84233,Alexa Barton,test,"[{""app"": ""experience"", ""team"": ""hospital""}, {""app"": ""above"", ""team"": ""executive""}, {""app"": ""myself"", ""team"": ""somebody""}, {""app"": ""behind"", ""team"": ""this""}, {""app"": ""before"", ""team"": ""police""}, {""app"": ""laugh"", ""team"": ""end""}, {""app"": ""drug"", ""team"": ""message""}, {""app"": ""big"", ""team"": ""year""}, {""app"": ""determine"", ""team"": ""capital""}, {""app"": ""hand"", ""team"": ""build""}]"
res-a08da585,Eileen Hernandez,staging,"[{""app"": ""before"", ""team"": ""brother""}, {""app"": ""blue"", ""team"": ""huge""}, {""app"": ""coach"", ""team"": ""price""}, {""app"": ""method"", ""team"": ""catch""}, {""app"": ""indeed"", ""team"": ""realize""}, {""app"": ""win"", ""team"": ""everybody""}, {""app"": ""thing"", ""team"": ""argue""}, {""app"": ""break"", ""team"": ""people""}, {""app"": ""hand"", ""team"": ""difference""}, {""app"": ""for"", ""team"": ""employee""}]"
res-2378040f,Michael Hudson,prod,"[{""app"": ""tough"", ""team"": ""method""}, {""app"": ""sound"", ""team"": ""item""}, {""app"": ""past"", ""team"": ""whole""}, {""app"": ""have"", ""team"": ""stop""}, {""app"": ""use"", ""team"": ""surface""}, {""app"": ""have"", ""team"": ""him""}, {""app"": ""future"", ""team"": ""born""}, {""app"": ""star"", ""team"": ""first""}, {""app"": ""room"", ""team"": ""within""}, {""app"": ""letter"", ""team"": ""the""}]"
res-fca90f1b,Carolyn Harrison,prod,"[{""app"": ""board"", ""team"": ""happy""}, {""app"": ""view"", ""team"": ""should""}, {""app"": ""our"", ""team"": ""myself""}, {""app"": ""when"", ""team"": ""leader""}, {""app"": ""human"", ""team"": ""never""}, {""app"": ""space"", ""team"": ""in""}, {""app"": ""ever"", ""team"": ""bad""}, {""app"": ""film"", ""team"": ""try""}, {""app"": ""ahead"", ""team"": ""civil""}, {""app"": ""story"", ""team"": ""real""}]"
res-5fe2169f,David Stanley,prod,"[{""app"": ""bed"", ""team"": ""whatever""}, {""app"": ""your"", ""team"": ""official""}, {""app"": ""popular"", ""team"": ""technology""}, {""app"": ""between"", ""team"": ""market""}, {""app"": ""company"", ""team"": ""food""}, {""app"": ""reality"", ""team"": ""rise""}, {""app"": ""heart"", ""team"": ""party""}, {""app"": ""together"", ""team"": ""west""}, {""app"": ""effect"", ""team"": ""particular""}, {""app"": ""matter"", ""team"": ""until""}]"
res-bc85dd74,Sharon Lopez,staging,"[{""app"": ""exactly"", ""team"": ""more""}, {""app"": ""but"", ""team"": ""those""}, {""app"": ""ten"", ""team"": ""hospital""}, {""app"": ""sister"", ""team"": ""cause""}, {""app"": ""investment"", ""team"": ""image""}, {""app"": ""human"", ""team"": ""Democrat""}, {""app"": ""shake"", ""team"": ""along""}, {""app"": ""skill"", ""team"": ""thousand""}, {""app"": ""would"", ""team"": ""social""}, {""app"": ""interest"", ""team"": ""guess""}]"
res-6c9251c6,James Sanchez,staging,"[{""app"": ""card"", ""team"": ""sure""}, {""app"": ""suddenly"", ""team"": ""pretty""}, {""app"": ""computer"", ""team"": ""now""}, {""app"": ""act"", ""team"": ""today""}, {""app"": ""that"", ""team"": ""manage""}, {""app"": ""become"", ""team"": ""scientist""}, {""app"": ""name"", ""team"": ""course""}, {""app"": ""human"", ""team"": ""under""}, {""app"": ""item"", ""team"": ""six""}, {""app"": ""market"", ""team"": ""economy""}]"
res-1b812f48,Cheryl Murphy,dev,"[{""app"": ""start"", ""team"": ""or""}, {""app"": ""whole"", ""team"": ""call""}, {""app"": ""arrive"", ""team"": ""heavy""}, {""app"": ""red"", ""team"": ""total""}, {""app"": ""down"", ""team"": ""scientist""}, {""app"": ""should"", ""team"": ""president""}, {""app"": ""pass"", ""team"": ""drive""}, {""app"": ""reason"", ""team"": ""of""}, {""app"": ""within"", ""team"": ""voice""}, {""app"": ""sea"", ""team"": ""tough""}]"
res-64a7bc43,John Johnson,prod,"[{""app"": ""figure"", ""team"": ""standard""}, {""app"": ""practice"", ""team"": ""face""}, {""app"": ""return"", ""team"": ""fire""}, {""app"": ""true"", ""team"": ""there""}, {""app"": ""since"", ""team"": ""leg""}, {""app"": ""each"", ""team"": ""soldier""}, {""app"": ""blood"", ""team"": ""another""}, {""app"": ""if"", ""team"": ""kitchen""}, {""app"": ""remain"", ""team"": ""hold""}, {""app"": ""grow"", ""team"": ""while""}]"
res-7e9f9bf1,Sharon Ball,test,"[{""app"": ""memory"", ""team"": ""particularly""}, {""app"": ""night"", ""team"": ""film""}, {""app"": ""music"", ""team"": ""the""}, {""app"": ""view"", ""team"": ""fear""}, {""app"": ""data"", ""team"": ""stage""}, {""app"": ""put"", ""team"": ""before""}, {""app"": ""police"", ""team"": ""occur""}, {""app"": ""majority"", ""team"": ""end""}, {""app"": ""daughter"", ""team"": ""itself""}, {""app"": ""need"", ""team"": ""court""}]"
res-37aa8412,Todd Davis,dev,"[{""app"": ""affect"", ""team"": ""benefit""}, {""app"": ""you"", ""team"": ""position""}, {""app"": ""article"", ""team"": ""citizen""}, {""app"": ""process"", ""team"": ""draw""}, {""app"": ""money"", ""team"": ""entire""}, {""app"": ""recently"", ""team"": ""range""}, {""app"": ""man"", ""team"": ""new""}, {""app"": ""result"", ""team"": ""certainly""}, {""app"": ""can"", ""team"": ""investment""}, {""app"": ""when"", ""team"": ""hair""}]"
res-0ef0e24e,Kimberly Parker,dev,"[{""app"": ""along"", ""team"": ""interest""}, {""app"": ""fill"", ""team"": ""staff""}, {""app"": ""section"", ""team"": ""him""}, {""app"": ""however"", ""team"": ""his""}, {""app"": ""price"", ""team"": ""response""}, {""app"": ""learn"", ""team"": ""old""}, {""app"": ""focus"", ""team"": ""blood""}, {""app"": ""positive"", ""team"": ""recognize""}, {""app"": ""study"", ""team"": ""part""}, {""app"": ""network"", ""team"": ""accept""}]"
res-549356d6,Douglas Lee,dev,"[{""app"": ""avoid"", ""team"": ""necessary""}, {""app"": ""force"", ""team"": ""likely""}, {""app"": ""perhaps"", ""team"": ""style""}, {""app"": ""cover"", ""team"": ""physical""}, {""app"": ""get"", ""team"": ""hear""}, {""app"": ""foreign"", ""team"": ""money""}, {""app"": ""word"", ""team"": ""prove""}, {""app"": ""study"", ""team"": ""require""}, {""app"": ""five"", ""team"": ""better""}, {""app"": ""region"", ""team"": ""wind""}]"
res-0c0dbf23,Christopher White,prod,"[{""app"": ""scene"", ""team"": ""name""}, {""app"": ""win"", ""team"": ""use""}, {""app"": ""drop"", ""team"": ""give""}, {""app"": ""because"", ""team"": ""administration""}, {""app"": ""anything"", ""team"": ""some""}, {""app"": ""mention"", ""team"": ""purpose""}, {""app"": ""others"", ""team"": ""development""}, {""app"": ""collection"", ""team"": ""table""}, {""app"": ""few"", ""team"": ""hour""}, {""app"": ""star"", ""team"": ""economic""}]"
res-9da40e75,Louis Carr DDS,dev,"[{""app"": ""pretty"", ""team"": ""after""}, {""app"": ""out"", ""team"": ""on""}, {""app"": ""shake"", ""team"": ""blood""}, {""app"": ""production"", ""team"": ""almost""}, {""app"": ""nation"", ""team"": ""whose""}, {""app"": ""public"", ""team"": ""none""}, {""app"": ""crime"", ""team"": ""argue""}, {""app"": ""particularly"", ""team"": ""no""}, {""app"": ""college"", ""team"": ""behind""}, {""app"": ""evidence"", ""team"": ""fall""}]"
res-dc5482a6,Cathy Smith,prod,"[{""app"": ""thing"", ""team"": ""report""}, {""app"": ""class"", ""team"": ""goal""}, {""app"": ""able"", ""team"": ""happy""}, {""app"": ""grow"", ""team"": ""probably""}, {""app"": ""kid"", ""team"": ""season""}, {""app"": ""senior"", ""team"": ""create""}, {""app"": ""chair"", ""team"": ""task""}, {""app"": ""majority"", ""team"": ""lose""}, {""app"": ""admit"", ""team"": ""might""}, {""app"": ""include"", ""team"": ""likely""}]"
res-b1d83d19,Timothy Romero,staging,"[{""app"": ""prevent"", ""team"": ""poor""}, {""app"": ""for"", ""team"": ""past""}, {""app"": ""prove"", ""team"": ""move""}, {""app"": ""material"", ""team"": ""season""}, {""app"": ""among"", ""team"": ""wait""}, {""app"": ""someone"", ""team"": ""that""}, {""app"": ""instead"", ""team"": ""pressure""}, {""app"": ""month"", ""team"": ""member""}, {""app"": ""authority"", ""team"": ""red""}, {""app"": ""discover"", ""team"": ""the""}]"
res-56870b70,Krystal Vaughn,test,"[{""app"": ""traditional"", ""team"": ""experience""}, {""app"": ""much"", ""team"": ""friend""}, {""app"": ""easy"", ""team"": ""general""}, {""app"": ""help"", ""team"": ""hope""}, {""app"": ""that"", ""team"": ""quite""}, {""app"": ""opportunity"", ""team"": ""training""}, {""app"": ""sell"", ""team"": ""early""}, {""app"": ""card"", ""team"": ""performance""}, {""app"": ""order"", ""team"": ""draw""}, {""app"": ""change"", ""team"": ""task""}]"
res-ca8a082d,Joann Bates,dev,"[{""app"": ""story"", ""team"": ""here""}, {""app"": ""country"", ""team"": ""relationship""}, {""app"": ""seek"", ""team"": ""director""}, {""app"": ""politics"", ""team"": ""decade""}, {""app"": ""others"", ""team"": ""often""}, {""app"": ""clearly"", ""team"": ""inside""}, {""app"": ""whose"", ""team"": ""develop""}, {""app"": ""stop"", ""team"": ""authority""}, {""app"": ""them"", ""team"": ""off""}, {""app"": ""particular"", ""team"": ""meeting""}]"
res-9734c06f,Erik Malone,dev,"[{""app"": ""spend"", ""team"": ""hit""}, {""app"": ""toward"", ""team"": ""program""}, {""app"": ""road"", ""team"": ""pick""}, {""app"": ""born"", ""team"": ""discussion""}, {""app"": ""hotel"", ""team"": ""middle""}, {""app"": ""under"", ""team"": ""pull""}, {""app"": ""ball"", ""team"": ""debate""}, {""app"": ""really"", ""team"": ""entire""}, {""app"": ""himself"", ""team"": ""wait""}, {""app"": ""various"", ""team"": ""toward""}]"
res-2c8402d5,Mary Day,dev,"[{""app"": ""career"", ""team"": ""grow""}, {""app"": ""talk"", ""team"": ""lose""}, {""app"": ""series"", ""team"": ""hear""}, {""app"": ""what"", ""team"": ""light""}, {""app"": ""provide"", ""team"": ""agreement""}, {""app"": ""necessary"", ""team"": ""political""}, {""app"": ""president"", ""team"": ""other""}, {""app"": ""network"", ""team"": ""same""}, {""app"": ""value"", ""team"": ""white""}, {""app"": ""statement"", ""team"": ""perform""}]"
res-be05980a,Aaron Schultz,test,"[{""app"": ""glass"", ""team"": ""region""}, {""app"": ""even"", ""team"": ""discover""}, {""app"": ""soon"", ""team"": ""film""}, {""app"": ""region"", ""team"": ""fact""}, {""app"": ""put"", ""team"": ""perhaps""}, {""app"": ""avoid"", ""team"": ""point""}, {""app"": ""rich"", ""team"": ""ever""}, {""app"": ""sometimes"", ""team"": ""under""}, {""app"": ""agency"", ""team"": ""including""}, {""app"": ""school"", ""team"": ""cost""}]"
res-5fe7d3e8,Raymond Pratt,dev,"[{""app"": ""list"", ""team"": ""despite""}, {""app"": ""public"", ""team"": ""benefit""}, {""app"": ""beat"", ""team"": ""person""}, {""app"": ""everyone"", ""team"": ""really""}, {""app"": ""family"", ""team"": ""require""}, {""app"": ""those"", ""team"": ""present""}, {""app"": ""risk"", ""team"": ""suddenly""}, {""app"": ""left"", ""team"": ""indeed""}, {""app"": ""style"", ""team"": ""bad""}, {""app"": ""region"", ""team"": ""grow""}]"
res-14d28cfc,Allison Long,test,"[{""app"": ""ago"", ""team"": ""heart""}, {""app"": ""pick"", ""team"": ""member""}, {""app"": ""girl"", ""team"": ""explain""}, {""app"": ""human"", ""team"": ""tell""}, {""app"": ""become"", ""team"": ""issue""}, {""app"": ""sort"", ""team"": ""card""}, {""app"": ""front"", ""team"": ""majority""}, {""app"": ""service"", ""team"": ""give""}, {""app"": ""show"", ""team"": ""citizen""}, {""app"": ""rule"", ""team"": ""soldier""}]"
res-82f59fb2,William Sawyer,dev,"[{""app"": ""wife"", ""team"": ""sing""}, {""app"": ""rather"", ""team"": ""country""}, {""app"": ""article"", ""team"": ""audience""}, {""app"": ""single"", ""team"": ""star""}, {""app"": ""cost"", ""team"": ""day""}, {""app"": ""friend"", ""team"": ""school""}, {""app"": ""each"", ""team"": ""fine""}, {""app"": ""agree"", ""team"": ""world""}, {""app"": ""between"", ""team"": ""low""}, {""app"": ""adult"", ""team"": ""TV""}]"
res-997f9274,Dalton Thomas,test,"[{""app"": ""dark"", ""team"": ""civil""}, {""app"": ""table"", ""team"": ""goal""}, {""app"": ""could"", ""team"": ""surface""}, {""app"": ""democratic"", ""team"": ""present""}, {""app"": ""whatever"", ""team"": ""discuss""}, {""app"": ""somebody"", ""team"": ""whether""}, {""app"": ""more"", ""team"": ""these""}, {""app"": ""evening"", ""team"": ""consider""}, {""app"": ""skin"", ""team"": ""hard""}, {""app"": ""law"", ""team"": ""rest""}]"
res-4fedc9dd,Stephen Ortiz,test,"[{""app"": ""heavy"", ""team"": ""food""}, {""app"": ""mind"", ""team"": ""someone""}, {""app"": ""before"", ""team"": ""reach""}, {""app"": ""ready"", ""team"": ""total""}, {""app"": ""car"", ""team"": ""kind""}, {""app"": ""policy"", ""team"": ""space""}, {""app"": ""soldier"", ""team"": ""where""}, {""app"": ""month"", ""team"": ""machine""}, {""app"": ""imagine"", ""team"": ""film""}, {""app"": ""throw"", ""team"": ""provide""}]"
res-7b4e4b7d,Jesse Klein,staging,"[{""app"": ""occur"", ""team"": ""thought""}, {""app"": ""degree"", ""team"": ""institution""}, {""app"": ""control"", ""team"": ""role""}, {""app"": ""positive"", ""team"": ""physical""}, {""app"": ""again"", ""team"": ""little""}, {""app"": ""security"", ""team"": ""power""}, {""app"": ""laugh"", ""team"": ""without""}, {""app"": ""college"", ""team"": ""large""}, {""app"": ""think"", ""team"": ""character""}, {""app"": ""property"", ""team"": ""for""}]"
res-14e435c2,Elizabeth Mclaughlin,staging,"[{""app"": ""approach"", ""team"": ""red""}, {""app"": ""national"", ""team"": ""senior""}, {""app"": ""more"", ""team"": ""live""}, {""app"": ""dinner"", ""team"": ""deal""}, {""app"": ""alone"", ""team"": ""effort""}, {""app"": ""place"", ""team"": ""month""}, {""app"": ""form"", ""team"": ""range""}, {""app"": ""choose"", ""team"": ""past""}, {""app"": ""onto"", ""team"": ""offer""}, {""app"": ""certainly"", ""team"": ""pretty""}]"
res-1de89b46,Daniel Meza,staging,"[{""app"": ""future"", ""team"": ""point""}, {""app"": ""forward"", ""team"": ""whether""}, {""app"": ""water"", ""team"": ""season""}, {""app"": ""should"", ""team"": ""figure""}, {""app"": ""like"", ""team"": ""scene""}, {""app"": ""environment"", ""team"": ""also""}, {""app"": ""few"", ""team"": ""reduce""}, {""app"": ""part"", ""team"": ""property""}, {""app"": ""respond"", ""team"": ""professional""}, {""app"": ""public"", ""team"": ""customer""}]"
res-90461808,Mrs. Rebecca Wheeler,prod,"[{""app"": ""whom"", ""team"": ""more""}, {""app"": ""property"", ""team"": ""sometimes""}, {""app"": ""agreement"", ""team"": ""ten""}, {""app"": ""next"", ""team"": ""will""}, {""app"": ""team"", ""team"": ""artist""}, {""app"": ""four"", ""team"": ""seek""}, {""app"": ""lot"", ""team"": ""what""}, {""app"": ""feeling"", ""team"": ""understand""}, {""app"": ""policy"", ""team"": ""such""}, {""app"": ""body"", ""team"": ""specific""}]"
res-175c4e05,Amanda Orozco,test,"[{""app"": ""even"", ""team"": ""source""}, {""app"": ""another"", ""team"": ""heart""}, {""app"": ""beautiful"", ""team"": ""remember""}, {""app"": ""nearly"", ""team"": ""family""}, {""app"": ""first"", ""team"": ""before""}, {""app"": ""sister"", ""team"": ""for""}, {""app"": ""choice"", ""team"": ""project""}, {""app"": ""artist"", ""team"": ""usually""}, {""app"": ""nice"", ""team"": ""soldier""}, {""app"": ""choose"", ""team"": ""season""}]"
res-d63997a8,Brianna Mclaughlin MD,test,"[{""app"": ""campaign"", ""team"": ""several""}, {""app"": ""may"", ""team"": ""find""}, {""app"": ""often"", ""team"": ""say""}, {""app"": ""piece"", ""team"": ""go""}, {""app"": ""apply"", ""team"": ""information""}, {""app"": ""number"", ""team"": ""enough""}, {""app"": ""performance"", ""team"": ""tax""}, {""app"": ""hotel"", ""team"": ""company""}, {""app"": ""decide"", ""team"": ""lead""}, {""app"": ""test"", ""team"": ""than""}]"
res-aff28790,Edward Hawkins,dev,"[{""app"": ""participant"", ""team"": ""too""}, {""app"": ""create"", ""team"": ""oil""}, {""app"": ""wrong"", ""team"": ""ten""}, {""app"": ""whose"", ""team"": ""describe""}, {""app"": ""understand"", ""team"": ""especially""}, {""app"": ""about"", ""team"": ""movement""}, {""app"": ""walk"", ""team"": ""human""}, {""app"": ""audience"", ""team"": ""half""}, {""app"": ""new"", ""team"": ""once""}, {""app"": ""provide"", ""team"": ""business""}]"
res-75469983,Sharon Brock,test,"[{""app"": ""its"", ""team"": ""middle""}, {""app"": ""great"", ""team"": ""different""}, {""app"": ""them"", ""team"": ""while""}, {""app"": ""soldier"", ""team"": ""nature""}, {""app"": ""effect"", ""team"": ""himself""}, {""app"": ""trouble"", ""team"": ""answer""}, {""app"": ""interview"", ""team"": ""interesting""}, {""app"": ""side"", ""team"": ""begin""}, {""app"": ""officer"", ""team"": ""hand""}, {""app"": ""city"", ""team"": ""whom""}]"
res-97dde414,Thomas Knight,dev,"[{""app"": ""technology"", ""team"": ""thousand""}, {""app"": ""today"", ""team"": ""rich""}, {""app"": ""whole"", ""team"": ""magazine""}, {""app"": ""heavy"", ""team"": ""story""}, {""app"": ""office"", ""team"": ""among""}, {""app"": ""benefit"", ""team"": ""wrong""}, {""app"": ""it"", ""team"": ""white""}, {""app"": ""try"", ""team"": ""themselves""}, {""app"": ""raise"", ""team"": ""current""}, {""app"": ""position"", ""team"": ""large""}]"
res-30a6e669,David Odonnell,test,"[{""app"": ""fact"", ""team"": ""onto""}, {""app"": ""family"", ""team"": ""this""}, {""app"": ""sea"", ""team"": ""prevent""}, {""app"": ""coach"", ""team"": ""alone""}, {""app"": ""she"", ""team"": ""past""}, {""app"": ""might"", ""team"": ""goal""}, {""app"": ""field"", ""team"": ""simple""}, {""app"": ""summer"", ""team"": ""reality""}, {""app"": ""sit"", ""team"": ""high""}, {""app"": ""success"", ""team"": ""sing""}]"
res-e3574e70,Charlene West,prod,"[{""app"": ""left"", ""team"": ""Mrs""}, {""app"": ""table"", ""team"": ""term""}, {""app"": ""our"", ""team"": ""candidate""}, {""app"": ""protect"", ""team"": ""eye""}, {""app"": ""industry"", ""team"": ""yeah""}, {""app"": ""eye"", ""team"": ""parent""}, {""app"": ""bank"", ""team"": ""card""}, {""app"": ""staff"", ""team"": ""shoulder""}, {""app"": ""every"", ""team"": ""interview""}, {""app"": ""hotel"", ""team"": ""rise""}]"
res-c41cbcc0,Courtney Stokes,dev,"[{""app"": ""respond"", ""team"": ""home""}, {""app"": ""manager"", ""team"": ""accept""}, {""app"": ""add"", ""team"": ""article""}, {""app"": ""or"", ""team"": ""good""}, {""app"": ""explain"", ""team"": ""heart""}, {""app"": ""even"", ""team"": ""just""}, {""app"": ""knowledge"", ""team"": ""answer""}, {""app"": ""theory"", ""team"": ""strategy""}, {""app"": ""control"", ""team"": ""network""}, {""app"": ""note"", ""team"": ""operation""}]"
res-2c11bcc9,Mrs. Jasmine Williams MD,test,"[{""app"": ""child"", ""team"": ""great""}, {""app"": ""than"", ""team"": ""into""}, {""app"": ""responsibility"", ""team"": ""fire""}, {""app"": ""cup"", ""team"": ""since""}, {""app"": ""foot"", ""team"": ""control""}, {""app"": ""example"", ""team"": ""increase""}, {""app"": ""standard"", ""team"": ""mother""}, {""app"": ""beat"", ""team"": ""capital""}, {""app"": ""perhaps"", ""team"": ""cut""}, {""app"": ""significant"", ""team"": ""yeah""}]"
res-b6dd5ef0,Deanna Smith,staging,"[{""app"": ""how"", ""team"": ""teach""}, {""app"": ""when"", ""team"": ""least""}, {""app"": ""health"", ""team"": ""administration""}, {""app"": ""region"", ""team"": ""beautiful""}, {""app"": ""change"", ""team"": ""standard""}, {""app"": ""church"", ""team"": ""enough""}, {""app"": ""assume"", ""team"": ""best""}, {""app"": ""Mrs"", ""team"": ""drive""}, {""app"": ""end"", ""team"": ""what""}, {""app"": ""catch"", ""team"": ""station""}]"
res-acec2627,William Mitchell,staging,"[{""app"": ""sign"", ""team"": ""especially""}, {""app"": ""doctor"", ""team"": ""agree""}, {""app"": ""professor"", ""team"": ""smile""}, {""app"": ""agreement"", ""team"": ""whole""}, {""app"": ""recently"", ""team"": ""training""}, {""app"": ""design"", ""team"": ""boy""}, {""app"": ""more"", ""team"": ""beautiful""}, {""app"": ""father"", ""team"": ""best""}, {""app"": ""beat"", ""team"": ""he""}, {""app"": ""my"", ""team"": ""a""}]"
res-08dae976,Brandon Roberts,staging,"[{""app"": ""candidate"", ""team"": ""beautiful""}, {""app"": ""catch"", ""team"": ""charge""}, {""app"": ""simple"", ""team"": ""bed""}, {""app"": ""impact"", ""team"": ""oil""}, {""app"": ""sometimes"", ""team"": ""ahead""}, {""app"": ""light"", ""team"": ""leader""}, {""app"": ""teach"", ""team"": ""religious""}, {""app"": ""adult"", ""team"": ""quickly""}, {""app"": ""part"", ""team"": ""statement""}, {""app"": ""agreement"", ""team"": ""soon""}]"
res-ba7a142e,Jonathan Kelly MD,staging,"[{""app"": ""later"", ""team"": ""occur""}, {""app"": ""tonight"", ""team"": ""quality""}, {""app"": ""morning"", ""team"": ""easy""}, {""app"": ""control"", ""team"": ""meeting""}, {""app"": ""only"", ""team"": ""quite""}, {""app"": ""national"", ""team"": ""heavy""}, {""app"": ""will"", ""team"": ""claim""}, {""app"": ""prepare"", ""team"": ""option""}, {""app"": ""specific"", ""team"": ""allow""}, {""app"": ""sort"", ""team"": ""tonight""}]"
res-1d6ac68e,Jerome Andrews,prod,"[{""app"": ""realize"", ""team"": ""stock""}, {""app"": ""less"", ""team"": ""now""}, {""app"": ""budget"", ""team"": ""recent""}, {""app"": ""other"", ""team"": ""once""}, {""app"": ""contain"", ""team"": ""news""}, {""app"": ""similar"", ""team"": ""federal""}, {""app"": ""include"", ""team"": ""man""}, {""app"": ""finish"", ""team"": ""another""}, {""app"": ""provide"", ""team"": ""sister""}, {""app"": ""hold"", ""team"": ""produce""}]"
res-f3b6e5af,Erica Sampson,dev,"[{""app"": ""worry"", ""team"": ""fund""}, {""app"": ""wrong"", ""team"": ""personal""}, {""app"": ""explain"", ""team"": ""whether""}, {""app"": ""stuff"", ""team"": ""section""}, {""app"": ""hard"", ""team"": ""price""}, {""app"": ""glass"", ""team"": ""artist""}, {""app"": ""push"", ""team"": ""high""}, {""app"": ""final"", ""team"": ""decide""}, {""app"": ""Republican"", ""team"": ""billion""}, {""app"": ""future"", ""team"": ""event""}]"
res-0864f9fb,Victoria Mathis,staging,"[{""app"": ""surface"", ""team"": ""because""}, {""app"": ""although"", ""team"": ""want""}, {""app"": ""allow"", ""team"": ""bad""}, {""app"": ""keep"", ""team"": ""camera""}, {""app"": ""individual"", ""team"": ""state""}, {""app"": ""join"", ""team"": ""if""}, {""app"": ""career"", ""team"": ""white""}, {""app"": ""onto"", ""team"": ""respond""}, {""app"": ""arrive"", ""team"": ""skin""}, {""app"": ""rich"", ""team"": ""system""}]"
res-26a82ebd,Timothy Peterson,dev,"[{""app"": ""hear"", ""team"": ""spend""}, {""app"": ""every"", ""team"": ""international""}, {""app"": ""operation"", ""team"": ""yes""}, {""app"": ""remain"", ""team"": ""the""}, {""app"": ""fire"", ""team"": ""approach""}, {""app"": ""American"", ""team"": ""another""}, {""app"": ""why"", ""team"": ""best""}, {""app"": ""decide"", ""team"": ""technology""}, {""app"": ""child"", ""team"": ""police""}, {""app"": ""order"", ""team"": ""entire""}]"
res-b0540786,David Ashley,test,"[{""app"": ""however"", ""team"": ""weight""}, {""app"": ""begin"", ""team"": ""really""}, {""app"": ""increase"", ""team"": ""likely""}, {""app"": ""century"", ""team"": ""discover""}, {""app"": ""common"", ""team"": ""exactly""}, {""app"": ""four"", ""team"": ""morning""}, {""app"": ""tonight"", ""team"": ""court""}, {""app"": ""sure"", ""team"": ""despite""}, {""app"": ""I"", ""team"": ""simply""}, {""app"": ""national"", ""team"": ""read""}]"
res-d1834a1e,Erik Hunt MD,staging,"[{""app"": ""population"", ""team"": ""fight""}, {""app"": ""rich"", ""team"": ""upon""}, {""app"": ""apply"", ""team"": ""whom""}, {""app"": ""ground"", ""team"": ""wind""}, {""app"": ""buy"", ""team"": ""similar""}, {""app"": ""arm"", ""team"": ""side""}, {""app"": ""music"", ""team"": ""individual""}, {""app"": ""particular"", ""team"": ""cover""}, {""app"": ""office"", ""team"": ""standard""}, {""app"": ""woman"", ""team"": ""carry""}]"
res-52ea5fb1,Alexander Soto,staging,"[{""app"": ""serious"", ""team"": ""traditional""}, {""app"": ""suggest"", ""team"": ""tell""}, {""app"": ""need"", ""team"": ""loss""}, {""app"": ""tend"", ""team"": ""edge""}, {""app"": ""blood"", ""team"": ""we""}, {""app"": ""address"", ""team"": ""prepare""}, {""app"": ""soon"", ""team"": ""her""}, {""app"": ""focus"", ""team"": ""type""}, {""app"": ""dinner"", ""team"": ""friend""}, {""app"": ""or"", ""team"": ""and""}]"
res-6edb641d,Brenda Tran,dev,"[{""app"": ""recognize"", ""team"": ""eat""}, {""app"": ""court"", ""team"": ""tonight""}, {""app"": ""forget"", ""team"": ""admit""}, {""app"": ""generation"", ""team"": ""discussion""}, {""app"": ""impact"", ""team"": ""mission""}, {""app"": ""region"", ""team"": ""order""}, {""app"": ""bar"", ""team"": ""throw""}, {""app"": ""knowledge"", ""team"": ""low""}, {""app"": ""action"", ""team"": ""change""}, {""app"": ""real"", ""team"": ""capital""}]"
res-4ca7196e,Sandra Hill,prod,"[{""app"": ""successful"", ""team"": ""see""}, {""app"": ""name"", ""team"": ""remember""}, {""app"": ""perhaps"", ""team"": ""must""}, {""app"": ""service"", ""team"": ""issue""}, {""app"": ""generation"", ""team"": ""staff""}, {""app"": ""arrive"", ""team"": ""day""}, {""app"": ""number"", ""team"": ""red""}, {""app"": ""despite"", ""team"": ""drug""}, {""app"": ""medical"", ""team"": ""strong""}, {""app"": ""area"", ""team"": ""when""}]"
res-8f1c77be,Sean Jones,dev,"[{""app"": ""plan"", ""team"": ""east""}, {""app"": ""challenge"", ""team"": ""increase""}, {""app"": ""page"", ""team"": ""us""}, {""app"": ""discover"", ""team"": ""performance""}, {""app"": ""land"", ""team"": ""edge""}, {""app"": ""new"", ""team"": ""market""}, {""app"": ""could"", ""team"": ""condition""}, {""app"": ""first"", ""team"": ""before""}, {""app"": ""choose"", ""team"": ""material""}, {""app"": ""probably"", ""team"": ""spring""}]"
res-b6e10edc,Rebekah Mendoza,dev,"[{""app"": ""customer"", ""team"": ""standard""}, {""app"": ""surface"", ""team"": ""check""}, {""app"": ""teacher"", ""team"": ""west""}, {""app"": ""student"", ""team"": ""product""}, {""app"": ""set"", ""team"": ""international""}, {""app"": ""officer"", ""team"": ""choose""}, {""app"": ""consider"", ""team"": ""dinner""}, {""app"": ""seem"", ""team"": ""direction""}, {""app"": ""parent"", ""team"": ""figure""}, {""app"": ""land"", ""team"": ""direction""}]"
res-63940788,Crystal Castro,staging,"[{""app"": ""poor"", ""team"": ""writer""}, {""app"": ""six"", ""team"": ""decision""}, {""app"": ""improve"", ""team"": ""spring""}, {""app"": ""even"", ""team"": ""natural""}, {""app"": ""support"", ""team"": ""strong""}, {""app"": ""produce"", ""team"": ""interest""}, {""app"": ""sit"", ""team"": ""parent""}, {""app"": ""special"", ""team"": ""section""}, {""app"": ""street"", ""team"": ""its""}, {""app"": ""article"", ""team"": ""nice""}]"
res-b7c47ad0,Cole Meyer,staging,"[{""app"": ""represent"", ""team"": ""whose""}, {""app"": ""computer"", ""team"": ""house""}, {""app"": ""current"", ""team"": ""future""}, {""app"": ""gas"", ""team"": ""owner""}, {""app"": ""ten"", ""team"": ""community""}, {""app"": ""main"", ""team"": ""country""}, {""app"": ""goal"", ""team"": ""task""}, {""app"": ""race"", ""team"": ""imagine""}, {""app"": ""son"", ""team"": ""age""}, {""app"": ""those"", ""team"": ""but""}]"
res-157ddf3e,John Richardson,staging,"[{""app"": ""past"", ""team"": ""four""}, {""app"": ""nor"", ""team"": ""detail""}, {""app"": ""western"", ""team"": ""middle""}, {""app"": ""end"", ""team"": ""student""}, {""app"": ""far"", ""team"": ""kind""}, {""app"": ""different"", ""team"": ""another""}, {""app"": ""daughter"", ""team"": ""discussion""}, {""app"": ""support"", ""team"": ""successful""}, {""app"": ""reason"", ""team"": ""hospital""}, {""app"": ""maybe"", ""team"": ""main""}]"
res-e394d79e,Keith Butler,staging,"[{""app"": ""look"", ""team"": ""fall""}, {""app"": ""boy"", ""team"": ""race""}, {""app"": ""opportunity"", ""team"": ""cell""}, {""app"": ""line"", ""team"": ""yourself""}, {""app"": ""expert"", ""team"": ""turn""}, {""app"": ""seven"", ""team"": ""out""}, {""app"": ""hotel"", ""team"": ""woman""}, {""app"": ""over"", ""team"": ""raise""}, {""app"": ""upon"", ""team"": ""seat""}, {""app"": ""down"", ""team"": ""throughout""}]"
res-f20fc9cc,Steven Sheppard,dev,"[{""app"": ""simply"", ""team"": ""home""}, {""app"": ""term"", ""team"": ""information""}, {""app"": ""hard"", ""team"": ""find""}, {""app"": ""ball"", ""team"": ""great""}, {""app"": ""key"", ""team"": ""design""}, {""app"": ""young"", ""team"": ""show""}, {""app"": ""suddenly"", ""team"": ""away""}, {""app"": ""usually"", ""team"": ""look""}, {""app"": ""or"", ""team"": ""whether""}, {""app"": ""dream"", ""team"": ""return""}]"
res-5aa368ea,Mr. William Norman,test,"[{""app"": ""forward"", ""team"": ""whole""}, {""app"": ""continue"", ""team"": ""nor""}, {""app"": ""training"", ""team"": ""charge""}, {""app"": ""leader"", ""team"": ""agreement""}, {""app"": ""relationship"", ""team"": ""lead""}, {""app"": ""ok"", ""team"": ""behind""}, {""app"": ""edge"", ""team"": ""tell""}, {""app"": ""similar"", ""team"": ""crime""}, {""app"": ""keep"", ""team"": ""Democrat""}, {""app"": ""consider"", ""team"": ""its""}]"
res-1a9e456f,Darryl Green,dev,"[{""app"": ""themselves"", ""team"": ""buy""}, {""app"": ""international"", ""team"": ""war""}, {""app"": ""feeling"", ""team"": ""look""}, {""app"": ""fund"", ""team"": ""including""}, {""app"": ""pattern"", ""team"": ""front""}, {""app"": ""alone"", ""team"": ""suffer""}, {""app"": ""attack"", ""team"": ""ball""}, {""app"": ""seat"", ""team"": ""strong""}, {""app"": ""full"", ""team"": ""nice""}, {""app"": ""spring"", ""team"": ""financial""}]"
res-7cf82718,Benjamin Turner,staging,"[{""app"": ""town"", ""team"": ""production""}, {""app"": ""would"", ""team"": ""population""}, {""app"": ""sure"", ""team"": ""sort""}, {""app"": ""whom"", ""team"": ""high""}, {""app"": ""story"", ""team"": ""today""}, {""app"": ""believe"", ""team"": ""pass""}, {""app"": ""doctor"", ""team"": ""such""}, {""app"": ""personal"", ""team"": ""need""}, {""app"": ""purpose"", ""team"": ""economy""}, {""app"": ""Republican"", ""team"": ""election""}]"
res-533b67ae,Aaron Young,dev,"[{""app"": ""condition"", ""team"": ""PM""}, {""app"": ""true"", ""team"": ""all""}, {""app"": ""month"", ""team"": ""and""}, {""app"": ""sit"", ""team"": ""garden""}, {""app"": ""soldier"", ""team"": ""into""}, {""app"": ""top"", ""team"": ""each""}, {""app"": ""people"", ""team"": ""important""}, {""app"": ""blue"", ""team"": ""large""}, {""app"": ""foot"", ""team"": ""meet""}, {""app"": ""enjoy"", ""team"": ""once""}]"
res-df354cf8,Alexander Leonard,staging,"[{""app"": ""action"", ""team"": ""interview""}, {""app"": ""decision"", ""team"": ""as""}, {""app"": ""sort"", ""team"": ""water""}, {""app"": ""despite"", ""team"": ""senior""}, {""app"": ""create"", ""team"": ""so""}, {""app"": ""teacher"", ""team"": ""ready""}, {""app"": ""really"", ""team"": ""candidate""}, {""app"": ""middle"", ""team"": ""wonder""}, {""app"": ""talk"", ""team"": ""toward""}, {""app"": ""father"", ""team"": ""impact""}]"
res-155d5e4a,Richard Bowman,staging,"[{""app"": ""political"", ""team"": ""customer""}, {""app"": ""vote"", ""team"": ""trip""}, {""app"": ""almost"", ""team"": ""sound""}, {""app"": ""according"", ""team"": ""leave""}, {""app"": ""price"", ""team"": ""perhaps""}, {""app"": ""should"", ""team"": ""international""}, {""app"": ""while"", ""team"": ""watch""}, {""app"": ""person"", ""team"": ""surface""}, {""app"": ""same"", ""team"": ""marriage""}, {""app"": ""character"", ""team"": ""from""}]"
res-afb7fc3c,Christopher Clarke,test,"[{""app"": ""company"", ""team"": ""perhaps""}, {""app"": ""five"", ""team"": ""year""}, {""app"": ""often"", ""team"": ""sound""}, {""app"": ""sing"", ""team"": ""laugh""}, {""app"": ""letter"", ""team"": ""under""}, {""app"": ""age"", ""team"": ""discuss""}, {""app"": ""between"", ""team"": ""away""}, {""app"": ""fear"", ""team"": ""spring""}, {""app"": ""stay"", ""team"": ""yeah""}, {""app"": ""check"", ""team"": ""theory""}]"
res-e0ca4a64,Juan Best,staging,"[{""app"": ""network"", ""team"": ""full""}, {""app"": ""office"", ""team"": ""resource""}, {""app"": ""south"", ""team"": ""event""}, {""app"": ""gun"", ""team"": ""toward""}, {""app"": ""offer"", ""team"": ""finish""}, {""app"": ""upon"", ""team"": ""director""}, {""app"": ""food"", ""team"": ""call""}, {""app"": ""win"", ""team"": ""action""}, {""app"": ""billion"", ""team"": ""later""}, {""app"": ""lay"", ""team"": ""wide""}]"
res-5def61c8,Thomas Abbott,staging,"[{""app"": ""ability"", ""team"": ""road""}, {""app"": ""ability"", ""team"": ""policy""}, {""app"": ""police"", ""team"": ""treat""}, {""app"": ""these"", ""team"": ""including""}, {""app"": ""Democrat"", ""team"": ""put""}, {""app"": ""family"", ""team"": ""present""}, {""app"": ""talk"", ""team"": ""argue""}, {""app"": ""national"", ""team"": ""effort""}, {""app"": ""summer"", ""team"": ""ability""}, {""app"": ""forget"", ""team"": ""to""}]"
res-88e4ccfc,Michelle Tanner,test,"[{""app"": ""executive"", ""team"": ""media""}, {""app"": ""pretty"", ""team"": ""another""}, {""app"": ""hear"", ""team"": ""theory""}, {""app"": ""fire"", ""team"": ""step""}, {""app"": ""run"", ""team"": ""ground""}, {""app"": ""protect"", ""team"": ""garden""}, {""app"": ""style"", ""team"": ""similar""}, {""app"": ""education"", ""team"": ""near""}, {""app"": ""tough"", ""team"": ""officer""}, {""app"": ""include"", ""team"": ""myself""}]"
res-bb00a44e,Anthony Todd,prod,"[{""app"": ""grow"", ""team"": ""thus""}, {""app"": ""lose"", ""team"": ""system""}, {""app"": ""beat"", ""team"": ""stop""}, {""app"": ""fact"", ""team"": ""woman""}, {""app"": ""perhaps"", ""team"": ""citizen""}, {""app"": ""program"", ""team"": ""number""}, {""app"": ""paper"", ""team"": ""doctor""}, {""app"": ""room"", ""team"": ""paper""}, {""app"": ""add"", ""team"": ""once""}, {""app"": ""end"", ""team"": ""ask""}]"
res-8e5781d6,Scott Leon,staging,"[{""app"": ""suddenly"", ""team"": ""same""}, {""app"": ""mean"", ""team"": ""make""}, {""app"": ""responsibility"", ""team"": ""risk""}, {""app"": ""black"", ""team"": ""officer""}, {""app"": ""eight"", ""team"": ""us""}, {""app"": ""federal"", ""team"": ""suddenly""}, {""app"": ""general"", ""team"": ""ball""}, {""app"": ""stuff"", ""team"": ""establish""}, {""app"": ""oil"", ""team"": ""nearly""}, {""app"": ""language"", ""team"": ""operation""}]"
res-c6e3b8ce,Ashley Walters,staging,"[{""app"": ""TV"", ""team"": ""participant""}, {""app"": ""play"", ""team"": ""interview""}, {""app"": ""me"", ""team"": ""over""}, {""app"": ""smile"", ""team"": ""say""}, {""app"": ""eye"", ""team"": ""begin""}, {""app"": ""fish"", ""team"": ""civil""}, {""app"": ""recently"", ""team"": ""fire""}, {""app"": ""space"", ""team"": ""case""}, {""app"": ""cause"", ""team"": ""yourself""}, {""app"": ""catch"", ""team"": ""outside""}]"
res-dd1f9b7c,Shelley Cox,staging,"[{""app"": ""history"", ""team"": ""take""}, {""app"": ""ability"", ""team"": ""not""}, {""app"": ""despite"", ""team"": ""join""}, {""app"": ""try"", ""team"": ""force""}, {""app"": ""test"", ""team"": ""strategy""}, {""app"": ""teacher"", ""team"": ""approach""}, {""app"": ""talk"", ""team"": ""color""}, {""app"": ""election"", ""team"": ""will""}, {""app"": ""east"", ""team"": ""process""}, {""app"": ""reduce"", ""team"": ""push""}]"
res-75eb51e4,Sean Johnson,test,"[{""app"": ""technology"", ""team"": ""morning""}, {""app"": ""chance"", ""team"": ""still""}, {""app"": ""until"", ""team"": ""station""}, {""app"": ""daughter"", ""team"": ""available""}, {""app"": ""industry"", ""team"": ""join""}, {""app"": ""act"", ""team"": ""see""}, {""app"": ""people"", ""team"": ""three""}, {""app"": ""behavior"", ""team"": ""change""}, {""app"": ""science"", ""team"": ""almost""}, {""app"": ""economic"", ""team"": ""range""}]"
res-226e1c56,Tonya Robinson,prod,"[{""app"": ""laugh"", ""team"": ""test""}, {""app"": ""public"", ""team"": ""close""}, {""app"": ""thus"", ""team"": ""magazine""}, {""app"": ""however"", ""team"": ""issue""}, {""app"": ""strategy"", ""team"": ""catch""}, {""app"": ""vote"", ""team"": ""region""}, {""app"": ""your"", ""team"": ""open""}, {""app"": ""strong"", ""team"": ""exactly""}, {""app"": ""attorney"", ""team"": ""unit""}, {""app"": ""reduce"", ""team"": ""create""}]"
res-c12da015,David Cardenas,dev,"[{""app"": ""thus"", ""team"": ""physical""}, {""app"": ""sort"", ""team"": ""media""}, {""app"": ""dark"", ""team"": ""perhaps""}, {""app"": ""Republican"", ""team"": ""sit""}, {""app"": ""paper"", ""team"": ""officer""}, {""app"": ""election"", ""team"": ""find""}, {""app"": ""also"", ""team"": ""professor""}, {""app"": ""most"", ""team"": ""site""}, {""app"": ""before"", ""team"": ""million""}, {""app"": ""discuss"", ""team"": ""debate""}]"
res-342389ec,Brooke Hess DDS,dev,"[{""app"": ""right"", ""team"": ""four""}, {""app"": ""people"", ""team"": ""always""}, {""app"": ""party"", ""team"": ""future""}, {""app"": ""common"", ""team"": ""hot""}, {""app"": ""recent"", ""team"": ""story""}, {""app"": ""tell"", ""team"": ""mean""}, {""app"": ""machine"", ""team"": ""food""}, {""app"": ""participant"", ""team"": ""cause""}, {""app"": ""woman"", ""team"": ""mouth""}, {""app"": ""toward"", ""team"": ""mind""}]"
res-69a3e5ca,John Hill,prod,"[{""app"": ""lawyer"", ""team"": ""deep""}, {""app"": ""develop"", ""team"": ""even""}, {""app"": ""address"", ""team"": ""born""}, {""app"": ""but"", ""team"": ""media""}, {""app"": ""money"", ""team"": ""imagine""}, {""app"": ""federal"", ""team"": ""American""}, {""app"": ""security"", ""team"": ""play""}, {""app"": ""anyone"", ""team"": ""pretty""}, {""app"": ""much"", ""team"": ""whole""}, {""app"": ""maybe"", ""team"": ""interest""}]"
res-a4b4ca98,Adam Gonzalez,staging,"[{""app"": ""evening"", ""team"": ""specific""}, {""app"": ""hour"", ""team"": ""media""}, {""app"": ""beat"", ""team"": ""discuss""}, {""app"": ""single"", ""team"": ""economic""}, {""app"": ""remember"", ""team"": ""nor""}, {""app"": ""professor"", ""team"": ""general""}, {""app"": ""my"", ""team"": ""call""}, {""app"": ""actually"", ""team"": ""behind""}, {""app"": ""someone"", ""team"": ""body""}, {""app"": ""ahead"", ""team"": ""the""}]"
res-52365b97,Thomas Martinez Jr.,staging,"[{""app"": ""bed"", ""team"": ""apply""}, {""app"": ""let"", ""team"": ""foot""}, {""app"": ""writer"", ""team"": ""affect""}, {""app"": ""nor"", ""team"": ""suffer""}, {""app"": ""poor"", ""team"": ""wrong""}, {""app"": ""citizen"", ""team"": ""approach""}, {""app"": ""away"", ""team"": ""play""}, {""app"": ""discuss"", ""team"": ""staff""}, {""app"": ""buy"", ""team"": ""he""}, {""app"": ""kitchen"", ""team"": ""include""}]"
res-bc90cda9,Dylan Lawrence,test,"[{""app"": ""beautiful"", ""team"": ""section""}, {""app"": ""power"", ""team"": ""he""}, {""app"": ""director"", ""team"": ""thing""}, {""app"": ""customer"", ""team"": ""key""}, {""app"": ""pay"", ""team"": ""picture""}, {""app"": ""drop"", ""team"": ""with""}, {""app"": ""technology"", ""team"": ""open""}, {""app"": ""population"", ""team"": ""new""}, {""app"": ""close"", ""team"": ""and""}, {""app"": ""last"", ""team"": ""against""}]"
res-711d40d8,Larry Robertson,dev,"[{""app"": ""president"", ""team"": ""feeling""}, {""app"": ""minute"", ""team"": ""everyone""}, {""app"": ""sell"", ""team"": ""enough""}, {""app"": ""technology"", ""team"": ""rather""}, {""app"": ""health"", ""team"": ""value""}, {""app"": ""partner"", ""team"": ""ball""}, {""app"": ""back"", ""team"": ""mouth""}, {""app"": ""type"", ""team"": ""finally""}, {""app"": ""his"", ""team"": ""represent""}, {""app"": ""box"", ""team"": ""apply""}]"
res-a5225890,Mary Howell,test,"[{""app"": ""week"", ""team"": ""trade""}, {""app"": ""information"", ""team"": ""serve""}, {""app"": ""guess"", ""team"": ""pick""}, {""app"": ""dinner"", ""team"": ""benefit""}, {""app"": ""it"", ""team"": ""film""}, {""app"": ""heavy"", ""team"": ""once""}, {""app"": ""nor"", ""team"": ""case""}, {""app"": ""hotel"", ""team"": ""red""}, {""app"": ""anything"", ""team"": ""range""}, {""app"": ""from"", ""team"": ""method""}]"
res-be15de7f,Mark Mcdonald,prod,"[{""app"": ""plant"", ""team"": ""receive""}, {""app"": ""coach"", ""team"": ""move""}, {""app"": ""blood"", ""team"": ""machine""}, {""app"": ""action"", ""team"": ""break""}, {""app"": ""edge"", ""team"": ""growth""}, {""app"": ""walk"", ""team"": ""hospital""}, {""app"": ""which"", ""team"": ""tax""}, {""app"": ""case"", ""team"": ""sort""}, {""app"": ""professor"", ""team"": ""night""}, {""app"": ""order"", ""team"": ""us""}]"
res-bc56b43d,Henry Cox,staging,"[{""app"": ""lawyer"", ""team"": ""skin""}, {""app"": ""low"", ""team"": ""likely""}, {""app"": ""paper"", ""team"": ""such""}, {""app"": ""food"", ""team"": ""west""}, {""app"": ""current"", ""team"": ""something""}, {""app"": ""design"", ""team"": ""fear""}, {""app"": ""agree"", ""team"": ""evening""}, {""app"": ""stay"", ""team"": ""thing""}, {""app"": ""serious"", ""team"": ""idea""}, {""app"": ""foot"", ""team"": ""trial""}]"
res-dd26f8e9,Wesley Gregory,test,"[{""app"": ""it"", ""team"": ""age""}, {""app"": ""science"", ""team"": ""job""}, {""app"": ""almost"", ""team"": ""like""}, {""app"": ""however"", ""team"": ""loss""}, {""app"": ""management"", ""team"": ""voice""}, {""app"": ""himself"", ""team"": ""community""}, {""app"": ""thus"", ""team"": ""no""}, {""app"": ""movie"", ""team"": ""way""}, {""app"": ""new"", ""team"": ""everything""}, {""app"": ""by"", ""team"": ""road""}]"
res-409d925a,Donald Williams,prod,"[{""app"": ""land"", ""team"": ""truth""}, {""app"": ""yet"", ""team"": ""power""}, {""app"": ""power"", ""team"": ""population""}, {""app"": ""necessary"", ""team"": ""always""}, {""app"": ""camera"", ""team"": ""possible""}, {""app"": ""we"", ""team"": ""risk""}, {""app"": ""score"", ""team"": ""role""}, {""app"": ""nearly"", ""team"": ""watch""}, {""app"": ""list"", ""team"": ""happy""}, {""app"": ""movement"", ""team"": ""get""}]"
res-43d068a2,Abigail Taylor,test,"[{""app"": ""dinner"", ""team"": ""sound""}, {""app"": ""season"", ""team"": ""fish""}, {""app"": ""quality"", ""team"": ""strong""}, {""app"": ""me"", ""team"": ""become""}, {""app"": ""appear"", ""team"": ""dark""}, {""app"": ""perhaps"", ""team"": ""card""}, {""app"": ""cost"", ""team"": ""attack""}, {""app"": ""political"", ""team"": ""face""}, {""app"": ""program"", ""team"": ""back""}, {""app"": ""many"", ""team"": ""simple""}]"
res-5b946ffc,Sharon Hodge,staging,"[{""app"": ""western"", ""team"": ""mother""}, {""app"": ""speech"", ""team"": ""serious""}, {""app"": ""reach"", ""team"": ""single""}, {""app"": ""training"", ""team"": ""organization""}, {""app"": ""almost"", ""team"": ""sing""}, {""app"": ""walk"", ""team"": ""if""}, {""app"": ""early"", ""team"": ""pretty""}, {""app"": ""week"", ""team"": ""decision""}, {""app"": ""purpose"", ""team"": ""field""}, {""app"": ""area"", ""team"": ""very""}]"
res-0809487c,April Simmons,prod,"[{""app"": ""response"", ""team"": ""behavior""}, {""app"": ""political"", ""team"": ""design""}, {""app"": ""role"", ""team"": ""what""}, {""app"": ""example"", ""team"": ""full""}, {""app"": ""try"", ""team"": ""pass""}, {""app"": ""than"", ""team"": ""travel""}, {""app"": ""itself"", ""team"": ""according""}, {""app"": ""appear"", ""team"": ""project""}, {""app"": ""see"", ""team"": ""per""}, {""app"": ""herself"", ""team"": ""participant""}]"
res-06ae81d5,Carl Peterson,dev,"[{""app"": ""attorney"", ""team"": ""child""}, {""app"": ""decade"", ""team"": ""even""}, {""app"": ""whatever"", ""team"": ""stock""}, {""app"": ""tax"", ""team"": ""bit""}, {""app"": ""although"", ""team"": ""break""}, {""app"": ""score"", ""team"": ""our""}, {""app"": ""already"", ""team"": ""several""}, {""app"": ""break"", ""team"": ""green""}, {""app"": ""even"", ""team"": ""will""}, {""app"": ""city"", ""team"": ""really""}]"
res-1676a042,Sierra Barry MD,prod,"[{""app"": ""crime"", ""team"": ""only""}, {""app"": ""plan"", ""team"": ""another""}, {""app"": ""stop"", ""team"": ""group""}, {""app"": ""face"", ""team"": ""decade""}, {""app"": ""sport"", ""team"": ""paper""}, {""app"": ""skill"", ""team"": ""maintain""}, {""app"": ""our"", ""team"": ""explain""}, {""app"": ""plant"", ""team"": ""night""}, {""app"": ""his"", ""team"": ""future""}, {""app"": ""down"", ""team"": ""return""}]"
res-a3a06500,John Bishop,test,"[{""app"": ""window"", ""team"": ""start""}, {""app"": ""type"", ""team"": ""figure""}, {""app"": ""order"", ""team"": ""author""}, {""app"": ""room"", ""team"": ""company""}, {""app"": ""popular"", ""team"": ""away""}, {""app"": ""list"", ""team"": ""study""}, {""app"": ""audience"", ""team"": ""fish""}, {""app"": ""wait"", ""team"": ""relationship""}, {""app"": ""your"", ""team"": ""face""}, {""app"": ""position"", ""team"": ""their""}]"
res-c83cc3df,Craig Taylor,prod,"[{""app"": ""education"", ""team"": ""audience""}, {""app"": ""hit"", ""team"": ""professional""}, {""app"": ""author"", ""team"": ""father""}, {""app"": ""news"", ""team"": ""not""}, {""app"": ""end"", ""team"": ""simple""}, {""app"": ""step"", ""team"": ""place""}, {""app"": ""meeting"", ""team"": ""hair""}, {""app"": ""life"", ""team"": ""control""}, {""app"": ""before"", ""team"": ""tell""}, {""app"": ""peace"", ""team"": ""building""}]"
res-1cb8cec7,Charles Hernandez,prod,"[{""app"": ""sister"", ""team"": ""of""}, {""app"": ""hotel"", ""team"": ""majority""}, {""app"": ""forget"", ""team"": ""room""}, {""app"": ""at"", ""team"": ""between""}, {""app"": ""agency"", ""team"": ""nothing""}, {""app"": ""special"", ""team"": ""skin""}, {""app"": ""certainly"", ""team"": ""method""}, {""app"": ""personal"", ""team"": ""arrive""}, {""app"": ""drive"", ""team"": ""week""}, {""app"": ""listen"", ""team"": ""dream""}]"
res-da155474,Kimberly Ayala,staging,"[{""app"": ""since"", ""team"": ""second""}, {""app"": ""crime"", ""team"": ""send""}, {""app"": ""mean"", ""team"": ""parent""}, {""app"": ""manage"", ""team"": ""myself""}, {""app"": ""campaign"", ""team"": ""find""}, {""app"": ""economy"", ""team"": ""five""}, {""app"": ""environment"", ""team"": ""husband""}, {""app"": ""new"", ""team"": ""measure""}, {""app"": ""central"", ""team"": ""whatever""}, {""app"": ""environmental"", ""team"": ""fire""}]"
res-c282d6eb,Timothy Mcintosh,prod,"[{""app"": ""control"", ""team"": ""foreign""}, {""app"": ""foreign"", ""team"": ""design""}, {""app"": ""eye"", ""team"": ""Democrat""}, {""app"": ""against"", ""team"": ""who""}, {""app"": ""serve"", ""team"": ""of""}, {""app"": ""right"", ""team"": ""under""}, {""app"": ""attention"", ""team"": ""provide""}, {""app"": ""order"", ""team"": ""do""}, {""app"": ""past"", ""team"": ""approach""}, {""app"": ""travel"", ""team"": ""politics""}]"
res-644ad10d,Jennifer Key,dev,"[{""app"": ""yeah"", ""team"": ""dinner""}, {""app"": ""national"", ""team"": ""last""}, {""app"": ""his"", ""team"": ""rest""}, {""app"": ""available"", ""team"": ""follow""}, {""app"": ""pressure"", ""team"": ""over""}, {""app"": ""war"", ""team"": ""artist""}, {""app"": ""relate"", ""team"": ""apply""}, {""app"": ""defense"", ""team"": ""toward""}, {""app"": ""actually"", ""team"": ""follow""}, {""app"": ""manager"", ""team"": ""production""}]"
res-919dc224,April Williams,test,"[{""app"": ""speak"", ""team"": ""player""}, {""app"": ""expert"", ""team"": ""with""}, {""app"": ""mean"", ""team"": ""movement""}, {""app"": ""institution"", ""team"": ""right""}, {""app"": ""drive"", ""team"": ""purpose""}, {""app"": ""according"", ""team"": ""always""}, {""app"": ""position"", ""team"": ""enter""}, {""app"": ""note"", ""team"": ""economy""}, {""app"": ""the"", ""team"": ""general""}, {""app"": ""ready"", ""team"": ""year""}]"
res-e559876b,Jeffrey Harris,dev,"[{""app"": ""write"", ""team"": ""yourself""}, {""app"": ""price"", ""team"": ""recent""}, {""app"": ""idea"", ""team"": ""view""}, {""app"": ""food"", ""team"": ""station""}, {""app"": ""article"", ""team"": ""bit""}, {""app"": ""morning"", ""team"": ""guess""}, {""app"": ""interesting"", ""team"": ""job""}, {""app"": ""myself"", ""team"": ""until""}, {""app"": ""glass"", ""team"": ""key""}, {""app"": ""structure"", ""team"": ""number""}]"
res-5eff7a43,Lauren Reed,prod,"[{""app"": ""out"", ""team"": ""available""}, {""app"": ""area"", ""team"": ""direction""}, {""app"": ""consider"", ""team"": ""eye""}, {""app"": ""there"", ""team"": ""go""}, {""app"": ""rather"", ""team"": ""discover""}, {""app"": ""agency"", ""team"": ""staff""}, {""app"": ""small"", ""team"": ""practice""}, {""app"": ""energy"", ""team"": ""kid""}, {""app"": ""among"", ""team"": ""charge""}, {""app"": ""political"", ""team"": ""before""}]"
res-a9da2cb2,Melissa Larson,test,"[{""app"": ""these"", ""team"": ""range""}, {""app"": ""method"", ""team"": ""water""}, {""app"": ""her"", ""team"": ""billion""}, {""app"": ""voice"", ""team"": ""ask""}, {""app"": ""author"", ""team"": ""sound""}, {""app"": ""poor"", ""team"": ""rock""}, {""app"": ""fear"", ""team"": ""next""}, {""app"": ""develop"", ""team"": ""manager""}, {""app"": ""case"", ""team"": ""growth""}, {""app"": ""interest"", ""team"": ""example""}]"
res-105b2543,John Larson,staging,"[{""app"": ""travel"", ""team"": ""art""}, {""app"": ""friend"", ""team"": ""offer""}, {""app"": ""not"", ""team"": ""however""}, {""app"": ""population"", ""team"": ""argue""}, {""app"": ""success"", ""team"": ""from""}, {""app"": ""us"", ""team"": ""couple""}, {""app"": ""trouble"", ""team"": ""various""}, {""app"": ""foreign"", ""team"": ""professional""}, {""app"": ""cold"", ""team"": ""hour""}, {""app"": ""case"", ""team"": ""table""}]"
res-2bdba723,Christine Anderson,dev,"[{""app"": ""field"", ""team"": ""member""}, {""app"": ""institution"", ""team"": ""positive""}, {""app"": ""check"", ""team"": ""world""}, {""app"": ""side"", ""team"": ""rise""}, {""app"": ""million"", ""team"": ""stage""}, {""app"": ""others"", ""team"": ""industry""}, {""app"": ""far"", ""team"": ""technology""}, {""app"": ""picture"", ""team"": ""paper""}, {""app"": ""hit"", ""team"": ""ball""}, {""app"": ""seem"", ""team"": ""democratic""}]"
res-37670461,Thomas Williams,test,"[{""app"": ""again"", ""team"": ""society""}, {""app"": ""enjoy"", ""team"": ""fast""}, {""app"": ""possible"", ""team"": ""hotel""}, {""app"": ""several"", ""team"": ""exist""}, {""app"": ""special"", ""team"": ""available""}, {""app"": ""public"", ""team"": ""make""}, {""app"": ""very"", ""team"": ""only""}, {""app"": ""music"", ""team"": ""camera""}, {""app"": ""level"", ""team"": ""learn""}, {""app"": ""help"", ""team"": ""hospital""}]"
res-77ecadad,Cynthia Tucker,staging,"[{""app"": ""increase"", ""team"": ""order""}, {""app"": ""person"", ""team"": ""also""}, {""app"": ""drive"", ""team"": ""age""}, {""app"": ""yeah"", ""team"": ""establish""}, {""app"": ""although"", ""team"": ""small""}, {""app"": ""carry"", ""team"": ""two""}, {""app"": ""long"", ""team"": ""player""}, {""app"": ""player"", ""team"": ""red""}, {""app"": ""answer"", ""team"": ""house""}, {""app"": ""add"", ""team"": ""order""}]"
res-cbfa70dc,John Hernandez,test,"[{""app"": ""financial"", ""team"": ""same""}, {""app"": ""heart"", ""team"": ""sing""}, {""app"": ""worker"", ""team"": ""reveal""}, {""app"": ""government"", ""team"": ""my""}, {""app"": ""direction"", ""team"": ""hour""}, {""app"": ""public"", ""team"": ""speak""}, {""app"": ""who"", ""team"": ""series""}, {""app"": ""more"", ""team"": ""option""}, {""app"": ""idea"", ""team"": ""teacher""}, {""app"": ""short"", ""team"": ""after""}]"
res-6ffe9f86,Tim Gill,prod,"[{""app"": ""impact"", ""team"": ""should""}, {""app"": ""loss"", ""team"": ""lawyer""}, {""app"": ""single"", ""team"": ""wear""}, {""app"": ""add"", ""team"": ""bill""}, {""app"": ""shake"", ""team"": ""blue""}, {""app"": ""word"", ""team"": ""pick""}, {""app"": ""black"", ""team"": ""really""}, {""app"": ""view"", ""team"": ""interview""}, {""app"": ""fear"", ""team"": ""news""}, {""app"": ""see"", ""team"": ""both""}]"
res-dcc252dc,Tonya Harris,test,"[{""app"": ""let"", ""team"": ""by""}, {""app"": ""for"", ""team"": ""phone""}, {""app"": ""woman"", ""team"": ""specific""}, {""app"": ""avoid"", ""team"": ""rest""}, {""app"": ""information"", ""team"": ""fish""}, {""app"": ""third"", ""team"": ""stock""}, {""app"": ""open"", ""team"": ""involve""}, {""app"": ""school"", ""team"": ""father""}, {""app"": ""threat"", ""team"": ""sense""}, {""app"": ""center"", ""team"": ""purpose""}]"
res-2d32dab4,Alan Dodson Jr.,staging,"[{""app"": ""resource"", ""team"": ""morning""}, {""app"": ""order"", ""team"": ""space""}, {""app"": ""easy"", ""team"": ""affect""}, {""app"": ""picture"", ""team"": ""beat""}, {""app"": ""effect"", ""team"": ""manager""}, {""app"": ""usually"", ""team"": ""left""}, {""app"": ""form"", ""team"": ""future""}, {""app"": ""sound"", ""team"": ""affect""}, {""app"": ""time"", ""team"": ""big""}, {""app"": ""sort"", ""team"": ""drug""}]"
res-fec6362c,David Singh,dev,"[{""app"": ""like"", ""team"": ""PM""}, {""app"": ""role"", ""team"": ""eye""}, {""app"": ""allow"", ""team"": ""phone""}, {""app"": ""sing"", ""team"": ""hair""}, {""app"": ""air"", ""team"": ""follow""}, {""app"": ""clearly"", ""team"": ""yet""}, {""app"": ""debate"", ""team"": ""laugh""}, {""app"": ""family"", ""team"": ""name""}, {""app"": ""only"", ""team"": ""truth""}, {""app"": ""letter"", ""team"": ""the""}]"
res-f7da2999,Adrian Lopez,staging,"[{""app"": ""environment"", ""team"": ""success""}, {""app"": ""table"", ""team"": ""avoid""}, {""app"": ""majority"", ""team"": ""past""}, {""app"": ""generation"", ""team"": ""my""}, {""app"": ""economic"", ""team"": ""instead""}, {""app"": ""within"", ""team"": ""box""}, {""app"": ""situation"", ""team"": ""hand""}, {""app"": ""child"", ""team"": ""want""}, {""app"": ""imagine"", ""team"": ""speak""}, {""app"": ""blood"", ""team"": ""billion""}]"
res-644e6394,Laura Graves DDS,prod,"[{""app"": ""follow"", ""team"": ""note""}, {""app"": ""dog"", ""team"": ""arm""}, {""app"": ""third"", ""team"": ""heavy""}, {""app"": ""across"", ""team"": ""follow""}, {""app"": ""teacher"", ""team"": ""outside""}, {""app"": ""animal"", ""team"": ""sister""}, {""app"": ""into"", ""team"": ""late""}, {""app"": ""nothing"", ""team"": ""interesting""}, {""app"": ""grow"", ""team"": ""none""}, {""app"": ""change"", ""team"": ""include""}]"
res-b098b9d6,Terrance Ray,staging,"[{""app"": ""ahead"", ""team"": ""according""}, {""app"": ""debate"", ""team"": ""color""}, {""app"": ""small"", ""team"": ""free""}, {""app"": ""director"", ""team"": ""explain""}, {""app"": ""official"", ""team"": ""fear""}, {""app"": ""executive"", ""team"": ""only""}, {""app"": ""three"", ""team"": ""owner""}, {""app"": ""edge"", ""team"": ""write""}, {""app"": ""field"", ""team"": ""upon""}, {""app"": ""fill"", ""team"": ""international""}]"
res-0898981d,Sarah Palmer,staging,"[{""app"": ""realize"", ""team"": ""enter""}, {""app"": ""town"", ""team"": ""and""}, {""app"": ""full"", ""team"": ""during""}, {""app"": ""mission"", ""team"": ""light""}, {""app"": ""war"", ""team"": ""security""}, {""app"": ""list"", ""team"": ""study""}, {""app"": ""onto"", ""team"": ""nearly""}, {""app"": ""before"", ""team"": ""right""}, {""app"": ""total"", ""team"": ""seven""}, {""app"": ""event"", ""team"": ""baby""}]"
res-11e40ac7,Erin Ramos,dev,"[{""app"": ""history"", ""team"": ""practice""}, {""app"": ""address"", ""team"": ""nor""}, {""app"": ""others"", ""team"": ""traditional""}, {""app"": ""opportunity"", ""team"": ""machine""}, {""app"": ""concern"", ""team"": ""reveal""}, {""app"": ""just"", ""team"": ""blue""}, {""app"": ""probably"", ""team"": ""author""}, {""app"": ""third"", ""team"": ""gas""}, {""app"": ""world"", ""team"": ""certainly""}, {""app"": ""gun"", ""team"": ""whole""}]"
res-634c9dcf,John Torres,dev,"[{""app"": ""sister"", ""team"": ""never""}, {""app"": ""ask"", ""team"": ""me""}, {""app"": ""brother"", ""team"": ""everyone""}, {""app"": ""guess"", ""team"": ""for""}, {""app"": ""south"", ""team"": ""enjoy""}, {""app"": ""true"", ""team"": ""above""}, {""app"": ""or"", ""team"": ""material""}, {""app"": ""lay"", ""team"": ""perform""}, {""app"": ""with"", ""team"": ""real""}, {""app"": ""already"", ""team"": ""site""}]"
res-f340f50c,Megan Moon,dev,"[{""app"": ""sister"", ""team"": ""stage""}, {""app"": ""almost"", ""team"": ""individual""}, {""app"": ""tax"", ""team"": ""hear""}, {""app"": ""build"", ""team"": ""here""}, {""app"": ""like"", ""team"": ""hot""}, {""app"": ""actually"", ""team"": ""recent""}, {""app"": ""left"", ""team"": ""color""}, {""app"": ""during"", ""team"": ""network""}, {""app"": ""whom"", ""team"": ""few""}, {""app"": ""call"", ""team"": ""open""}]"
res-c372a952,Stacy Carter,dev,"[{""app"": ""entire"", ""team"": ""sound""}, {""app"": ""act"", ""team"": ""picture""}, {""app"": ""recently"", ""team"": ""class""}, {""app"": ""six"", ""team"": ""born""}, {""app"": ""room"", ""team"": ""garden""}, {""app"": ""any"", ""team"": ""along""}, {""app"": ""record"", ""team"": ""lose""}, {""app"": ""effect"", ""team"": ""moment""}, {""app"": ""today"", ""team"": ""accept""}, {""app"": ""media"", ""team"": ""clear""}]"
res-84acb67e,Zachary Perez,test,"[{""app"": ""majority"", ""team"": ""skill""}, {""app"": ""woman"", ""team"": ""believe""}, {""app"": ""bring"", ""team"": ""instead""}, {""app"": ""pay"", ""team"": ""road""}, {""app"": ""street"", ""team"": ""food""}, {""app"": ""care"", ""team"": ""stock""}, {""app"": ""go"", ""team"": ""police""}, {""app"": ""heavy"", ""team"": ""listen""}, {""app"": ""strategy"", ""team"": ""building""}, {""app"": ""minute"", ""team"": ""Mr""}]"
res-5b9568ff,Jeremiah Hill,dev,"[{""app"": ""foreign"", ""team"": ""lose""}, {""app"": ""skill"", ""team"": ""turn""}, {""app"": ""finally"", ""team"": ""say""}, {""app"": ""ahead"", ""team"": ""care""}, {""app"": ""somebody"", ""team"": ""because""}, {""app"": ""cultural"", ""team"": ""remain""}, {""app"": ""require"", ""team"": ""at""}, {""app"": ""those"", ""team"": ""exist""}, {""app"": ""support"", ""team"": ""compare""}, {""app"": ""region"", ""team"": ""upon""}]"
res-94d18fa9,Stephanie Chandler,prod,"[{""app"": ""answer"", ""team"": ""population""}, {""app"": ""end"", ""team"": ""activity""}, {""app"": ""lawyer"", ""team"": ""yet""}, {""app"": ""later"", ""team"": ""continue""}, {""app"": ""research"", ""team"": ""easy""}, {""app"": ""maybe"", ""team"": ""later""}, {""app"": ""kitchen"", ""team"": ""then""}, {""app"": ""me"", ""team"": ""it""}, {""app"": ""door"", ""team"": ""give""}, {""app"": ""do"", ""team"": ""result""}]"
res-97f65a87,Brenda Huffman,test,"[{""app"": ""any"", ""team"": ""just""}, {""app"": ""professional"", ""team"": ""part""}, {""app"": ""travel"", ""team"": ""recently""}, {""app"": ""really"", ""team"": ""force""}, {""app"": ""attention"", ""team"": ""take""}, {""app"": ""somebody"", ""team"": ""network""}, {""app"": ""growth"", ""team"": ""bad""}, {""app"": ""Republican"", ""team"": ""father""}, {""app"": ""hospital"", ""team"": ""home""}, {""app"": ""you"", ""team"": ""among""}]"
res-4c2169f6,Sally Graves,prod,"[{""app"": ""forward"", ""team"": ""benefit""}, {""app"": ""friend"", ""team"": ""admit""}, {""app"": ""share"", ""team"": ""answer""}, {""app"": ""that"", ""team"": ""move""}, {""app"": ""life"", ""team"": ""major""}, {""app"": ""wall"", ""team"": ""generation""}, {""app"": ""including"", ""team"": ""possible""}, {""app"": ""suggest"", ""team"": ""worker""}, {""app"": ""area"", ""team"": ""large""}, {""app"": ""those"", ""team"": ""win""}]"
res-3a4e5a48,Jacob Jackson,dev,"[{""app"": ""live"", ""team"": ""challenge""}, {""app"": ""late"", ""team"": ""stay""}, {""app"": ""occur"", ""team"": ""either""}, {""app"": ""fight"", ""team"": ""discuss""}, {""app"": ""within"", ""team"": ""let""}, {""app"": ""range"", ""team"": ""everyone""}, {""app"": ""positive"", ""team"": ""recent""}, {""app"": ""lawyer"", ""team"": ""think""}, {""app"": ""recent"", ""team"": ""culture""}, {""app"": ""seem"", ""team"": ""serious""}]"
res-cd12c4f4,Cassandra Hall PhD,prod,"[{""app"": ""word"", ""team"": ""this""}, {""app"": ""determine"", ""team"": ""none""}, {""app"": ""skill"", ""team"": ""southern""}, {""app"": ""apply"", ""team"": ""much""}, {""app"": ""girl"", ""team"": ""expect""}, {""app"": ""account"", ""team"": ""success""}, {""app"": ""article"", ""team"": ""pass""}, {""app"": ""experience"", ""team"": ""fast""}, {""app"": ""accept"", ""team"": ""matter""}, {""app"": ""ok"", ""team"": ""offer""}]"
res-ce279473,David Harris,test,"[{""app"": ""compare"", ""team"": ""little""}, {""app"": ""either"", ""team"": ""between""}, {""app"": ""factor"", ""team"": ""list""}, {""app"": ""natural"", ""team"": ""night""}, {""app"": ""thousand"", ""team"": ""lay""}, {""app"": ""window"", ""team"": ""get""}, {""app"": ""what"", ""team"": ""thus""}, {""app"": ""anyone"", ""team"": ""space""}, {""app"": ""perhaps"", ""team"": ""value""}, {""app"": ""room"", ""team"": ""hour""}]"
res-84df0404,Steven Cooke,dev,"[{""app"": ""pass"", ""team"": ""skill""}, {""app"": ""next"", ""team"": ""shoulder""}, {""app"": ""left"", ""team"": ""understand""}, {""app"": ""piece"", ""team"": ""base""}, {""app"": ""beat"", ""team"": ""heart""}, {""app"": ""behavior"", ""team"": ""decide""}, {""app"": ""seem"", ""team"": ""benefit""}, {""app"": ""front"", ""team"": ""born""}, {""app"": ""daughter"", ""team"": ""cause""}, {""app"": ""oil"", ""team"": ""themselves""}]"
res-d23c6354,Thomas Tucker,dev,"[{""app"": ""popular"", ""team"": ""action""}, {""app"": ""why"", ""team"": ""major""}, {""app"": ""arrive"", ""team"": ""campaign""}, {""app"": ""kid"", ""team"": ""former""}, {""app"": ""teacher"", ""team"": ""morning""}, {""app"": ""claim"", ""team"": ""small""}, {""app"": ""any"", ""team"": ""over""}, {""app"": ""recent"", ""team"": ""guess""}, {""app"": ""involve"", ""team"": ""build""}, {""app"": ""turn"", ""team"": ""page""}]"
res-eabb6639,Patrick Miller,dev,"[{""app"": ""ball"", ""team"": ""value""}, {""app"": ""family"", ""team"": ""not""}, {""app"": ""outside"", ""team"": ""sure""}, {""app"": ""material"", ""team"": ""last""}, {""app"": ""approach"", ""team"": ""soon""}, {""app"": ""common"", ""team"": ""face""}, {""app"": ""item"", ""team"": ""garden""}, {""app"": ""main"", ""team"": ""strong""}, {""app"": ""out"", ""team"": ""view""}, {""app"": ""cold"", ""team"": ""campaign""}]"
